,drummer,session,id,style,bpm,beat_type,time_signature,midi_filename,audio_filename,duration,split
0,drummer1,drummer1/eval_session,drummer1/eval_session/1,funk,138,beat,4-4,drummer1/eval_session/1_funk-groove1_138_beat_4-4.mid,drummer1/eval_session/1_funk-groove1_138_beat_4-4.wav,27.872308,test
1,drummer1,drummer1/eval_session,drummer1/eval_session/10,soul,102,beat,4-4,drummer1/eval_session/10_soul-groove10_102_beat_4-4.mid,drummer1/eval_session/10_soul-groove10_102_beat_4-4.wav,37.691158,test
2,drummer1,drummer1/eval_session,drummer1/eval_session/2,funk,105,beat,4-4,drummer1/eval_session/2_funk-groove2_105_beat_4-4.mid,drummer1/eval_session/2_funk-groove2_105_beat_4-4.wav,36.351217999999996,test
3,drummer1,drummer1/eval_session,drummer1/eval_session/3,soul,86,beat,4-4,drummer1/eval_session/3_soul-groove3_86_beat_4-4.mid,drummer1/eval_session/3_soul-groove3_86_beat_4-4.wav,44.716543,test
4,drummer1,drummer1/eval_session,drummer1/eval_session/4,soul,80,beat,4-4,drummer1/eval_session/4_soul-groove4_80_beat_4-4.mid,drummer1/eval_session/4_soul-groove4_80_beat_4-4.wav,47.9875,test
5,drummer1,drummer1/eval_session,drummer1/eval_session/5,funk,84,beat,4-4,drummer1/eval_session/5_funk-groove5_84_beat_4-4.mid,drummer1/eval_session/5_funk-groove5_84_beat_4-4.wav,45.687518,test
6,drummer1,drummer1/eval_session,drummer1/eval_session/6,hiphop,87,beat,4-4,drummer1/eval_session/6_hiphop-groove6_87_beat_4-4.mid,drummer1/eval_session/6_hiphop-groove6_87_beat_4-4.wav,44.119242,test
7,drummer1,drummer1/eval_session,drummer1/eval_session/7,pop,138,beat,4-4,drummer1/eval_session/7_pop-groove7_138_beat_4-4.mid,drummer1/eval_session/7_pop-groove7_138_beat_4-4.wav,27.706546999999997,test
8,drummer1,drummer1/eval_session,drummer1/eval_session/8,rock,65,beat,4-4,drummer1/eval_session/8_rock-groove8_65_beat_4-4.mid,drummer1/eval_session/8_rock-groove8_65_beat_4-4.wav,59.067313,test
9,drummer1,drummer1/eval_session,drummer1/eval_session/9,soul,105,beat,4-4,drummer1/eval_session/9_soul-groove9_105_beat_4-4.mid,drummer1/eval_session/9_soul-groove9_105_beat_4-4.wav,36.540504,test
10,drummer1,drummer1/session1,drummer1/session1/1,funk,80,beat,4-4,drummer1/session1/1_funk_80_beat_4-4.mid,drummer1/session1/1_funk_80_beat_4-4.wav,86.704688,train
12,drummer1,drummer1/session1,drummer1/session1/100,neworleans/secondline,94,beat,4-4,drummer1/session1/100_neworleans-secondline_94_beat_4-4.mid,drummer1/session1/100_neworleans-secondline_94_beat_4-4.wav,135.36571899999998,train
13,drummer1,drummer1/session1,drummer1/session1/101,dance/disco,120,beat,4-4,drummer1/session1/101_dance-disco_120_beat_4-4.mid,drummer1/session1/101_dance-disco_120_beat_4-4.wav,207.572917,train
14,drummer1,drummer1/session1,drummer1/session1/102,funk,95,beat,4-4,drummer1/session1/102_funk_95_beat_4-4.mid,drummer1/session1/102_funk_95_beat_4-4.wav,224.807558,train
40,drummer1,drummer1/session1,drummer1/session1/126,funk,125,beat,4-4,drummer1/session1/126_funk-fast_125_beat_4-4.mid,drummer1/session1/126_funk-fast_125_beat_4-4.wav,137.38,validation
61,drummer1,drummer1/session1,drummer1/session1/145,latin,95,beat,4-4,drummer1/session1/145_latin-brazilian-baiao_95_beat_4-4.mid,drummer1/session1/145_latin-brazilian-baiao_95_beat_4-4.wav,30.060481,validation
62,drummer1,drummer1/session1,drummer1/session1/146,latin,95,beat,4-4,drummer1/session1/146_latin-brazilian-baiao_95_beat_4-4.mid,drummer1/session1/146_latin-brazilian-baiao_95_beat_4-4.wav,214.624678,train
95,drummer1,drummer1/session1,drummer1/session1/176,afrocuban,105,beat,4-4,drummer1/session1/176_afrocuban_105_beat_4-4.mid,drummer1/session1/176_afrocuban_105_beat_4-4.wav,223.750967,train
103,drummer1,drummer1/session1,drummer1/session1/183,afrocuban,105,beat,4-4,drummer1/session1/183_afrocuban_105_beat_4-4.mid,drummer1/session1/183_afrocuban_105_beat_4-4.wav,134.383199,train
104,drummer1,drummer1/session1,drummer1/session1/184,reggae,78,beat,4-4,drummer1/session1/184_reggae_78_beat_4-4.mid,drummer1/session1/184_reggae_78_beat_4-4.wav,114.70341100000002,train
121,drummer1,drummer1/session1,drummer1/session1/2,funk,80,beat,4-4,drummer1/session1/2_funk_80_beat_4-4.mid,drummer1/session1/2_funk_80_beat_4-4.wav,86.914062,validation
124,drummer1,drummer1/session1,drummer1/session1/201,reggae,64,beat,4-4,drummer1/session1/201_reggae-slow_64_beat_4-4.mid,drummer1/session1/201_reggae-slow_64_beat_4-4.wav,112.14843799999998,train
125,drummer1,drummer1/session1,drummer1/session1/202,rock,140,beat,4-4,drummer1/session1/202_rock-halftime_140_beat_4-4.mid,drummer1/session1/202_rock-halftime_140_beat_4-4.wav,216.645319,train
165,drummer1,drummer1/session1,drummer1/session1/239,funk,130,beat,4-4,drummer1/session1/239_funk-purdieshuffle_130_beat_4-4.mid,drummer1/session1/239_funk-purdieshuffle_130_beat_4-4.wav,193.791152,test
199,drummer1,drummer1/session1,drummer1/session1/28,latin,116,beat,4-4,drummer1/session1/28_latin-samba_116_beat_4-4.mid,drummer1/session1/28_latin-samba_116_beat_4-4.wav,225.453498,test
201,drummer1,drummer1/session1,drummer1/session1/3,funk,80,beat,4-4,drummer1/session1/3_funk_80_beat_4-4.mid,drummer1/session1/3_funk_80_beat_4-4.wav,122.85156200000002,train
210,drummer1,drummer1/session1,drummer1/session1/38,latin,116,beat,4-4,drummer1/session1/38_latin-samba_116_beat_4-4.mid,drummer1/session1/38_latin-samba_116_beat_4-4.wav,57.745647,validation
212,drummer1,drummer1/session1,drummer1/session1/4,jazz,116,beat,4-4,drummer1/session1/4_jazz-funk_116_beat_4-4.mid,drummer1/session1/4_jazz-funk_116_beat_4-4.wav,76.497789,test
220,drummer1,drummer1/session1,drummer1/session1/47,jazz,102,beat,4-4,drummer1/session1/47_jazz_102_beat_4-4.mid,drummer1/session1/47_jazz_102_beat_4-4.wav,183.415349,train
221,drummer1,drummer1/session1,drummer1/session1/48,jazz,93,beat,4-4,drummer1/session1/48_jazz_93_beat_4-4.mid,drummer1/session1/48_jazz_93_beat_4-4.wav,90.178723,train
222,drummer1,drummer1/session1,drummer1/session1/49,jazz,125,beat,4-4,drummer1/session1/49_jazz_125_beat_4-4.mid,drummer1/session1/49_jazz_125_beat_4-4.wav,115.155,train
223,drummer1,drummer1/session1,drummer1/session1/5,jazz,116,beat,4-4,drummer1/session1/5_jazz-funk_116_beat_4-4.mid,drummer1/session1/5_jazz-funk_116_beat_4-4.wav,152.673379,train
224,drummer1,drummer1/session1,drummer1/session1/50,jazz,125,beat,4-4,drummer1/session1/50_jazz_125_beat_4-4.mid,drummer1/session1/50_jazz_125_beat_4-4.wav,117.06,train
225,drummer1,drummer1/session1,drummer1/session1/51,rock,125,beat,4-4,drummer1/session1/51_rock-shuffle_125_beat_4-4.mid,drummer1/session1/51_rock-shuffle_125_beat_4-4.wav,170.802,train
226,drummer1,drummer1/session1,drummer1/session1/52,jazz,125,beat,4-4,drummer1/session1/52_jazz_125_beat_4-4.mid,drummer1/session1/52_jazz_125_beat_4-4.wav,114.867,train
251,drummer1,drummer1/session1,drummer1/session1/75,jazz,125,beat,4-4,drummer1/session1/75_jazz_125_beat_4-4.mid,drummer1/session1/75_jazz_125_beat_4-4.wav,61.404,train
252,drummer1,drummer1/session1,drummer1/session1/76,jazz,180,beat,4-4,drummer1/session1/76_jazz-mediumfast_180_beat_4-4.mid,drummer1/session1/76_jazz-mediumfast_180_beat_4-4.wav,7.31527,train
253,drummer1,drummer1/session1,drummer1/session1/77,jazz,180,beat,4-4,drummer1/session1/77_jazz-mediumfast_180_beat_4-4.mid,drummer1/session1/77_jazz-mediumfast_180_beat_4-4.wav,148.320685,train
254,drummer1,drummer1/session1,drummer1/session1/78,jazz,290,beat,4-4,drummer1/session1/78_jazz-fast_290_beat_4-4.mid,drummer1/session1/78_jazz-fast_290_beat_4-4.wav,105.04885800000001,train
255,drummer1,drummer1/session1,drummer1/session1/79,latin,90,beat,4-4,drummer1/session1/79_latin-reggaeton_90_beat_4-4.mid,drummer1/session1/79_latin-reggaeton_90_beat_4-4.wav,87.784634,train
257,drummer1,drummer1/session1,drummer1/session1/80,dance/breakbeat,170,beat,4-4,drummer1/session1/80_dance-breakbeat_170_beat_4-4.mid,drummer1/session1/80_dance-breakbeat_170_beat_4-4.wav,108.466858,train
258,drummer1,drummer1/session1,drummer1/session1/81,dance/breakbeat,170,beat,4-4,drummer1/session1/81_dance-breakbeat_170_beat_4-4.mid,drummer1/session1/81_dance-breakbeat_170_beat_4-4.wav,56.392618999999996,train
259,drummer1,drummer1/session1,drummer1/session1/82,funk,84,beat,4-4,drummer1/session1/82_neworleans-funk_84_beat_4-4.mid,drummer1/session1/82_neworleans-funk_84_beat_4-4.wav,139.734979,train
278,drummer1,drummer1/session2,drummer1/session2/1,latin,157,beat,3-4,drummer1/session2/1_latin-chacarera_157_beat_3-4.mid,drummer1/session2/1_latin-chacarera_157_beat_3-4.wav,147.94521699999999,validation
279,drummer1,drummer1/session2,drummer1/session2/10,country,114,beat,4-4,drummer1/session2/10_country_114_beat_4-4.mid,drummer1/session2/10_country_114_beat_4-4.wav,154.966071,train
291,drummer1,drummer1/session2,drummer1/session2/110,rock,190,beat,4-4,drummer1/session2/110_rock-prog_190_beat_4-4.mid,drummer1/session2/110_rock-prog_190_beat_4-4.wav,95.902488,test
292,drummer1,drummer1/session2,drummer1/session2/111,rock,110,beat,5-4,drummer1/session2/111_rock-prog_110_beat_5-4.mid,drummer1/session2/111_rock-prog_110_beat_5-4.wav,141.758073,train
293,drummer1,drummer1/session2,drummer1/session2/112,afrocuban,122,beat,4-4,drummer1/session2/112_afrocuban-bembe_122_beat_4-4.mid,drummer1/session2/112_afrocuban-bembe_122_beat_4-4.wav,206.611563,train
326,drummer1,drummer1/session2,drummer1/session2/142,gospel,120,beat,4-4,drummer1/session2/142_gospel_120_beat_4-4.mid,drummer1/session2/142_gospel_120_beat_4-4.wav,139.527083,validation
347,drummer1,drummer1/session2,drummer1/session2/161,afrocuban,110,beat,4-4,drummer1/session2/161_afrocuban-rhumba_110_beat_4-4.mid,drummer1/session2/161_afrocuban-rhumba_110_beat_4-4.wav,226.789962,train
368,drummer1,drummer1/session2,drummer1/session2/180,rock,50,beat,4-4,drummer1/session2/180_rock_50_beat_4-4.mid,drummer1/session2/180_rock_50_beat_4-4.wav,222.97,train
369,drummer1,drummer1/session2,drummer1/session2/181,rock,115,beat,4-4,drummer1/session2/181_rock_115_beat_4-4.mid,drummer1/session2/181_rock_115_beat_4-4.wav,135.636923,train
388,drummer1,drummer1/session2,drummer1/session2/2,latin,118,beat,4-4,drummer1/session2/2_latin-chacarera_118_beat_4-4.mid,drummer1/session2/2_latin-chacarera_118_beat_4-4.wav,134.186553,train
399,drummer1,drummer1/session2,drummer1/session2/3,latin,118,beat,4-4,drummer1/session2/3_latin-chacarera_118_beat_4-4.mid,drummer1/session2/3_latin-chacarera_118_beat_4-4.wav,98.96300600000001,train
402,drummer1,drummer1/session2,drummer1/session2/32,punk,140,beat,4-4,drummer1/session2/32_punk_140_beat_4-4.mid,drummer1/session2/32_punk_140_beat_4-4.wav,150.848063,train
403,drummer1,drummer1/session2,drummer1/session2/33,punk,128,beat,4-4,drummer1/session2/33_punk_128_beat_4-4.mid,drummer1/session2/33_punk_128_beat_4-4.wav,3.811523,train
404,drummer1,drummer1/session2,drummer1/session2/34,punk,128,beat,4-4,drummer1/session2/34_punk_128_beat_4-4.mid,drummer1/session2/34_punk_128_beat_4-4.wav,7.115234,train
405,drummer1,drummer1/session2,drummer1/session2/35,punk,128,beat,4-4,drummer1/session2/35_punk_128_beat_4-4.mid,drummer1/session2/35_punk_128_beat_4-4.wav,110.610352,test
406,drummer1,drummer1/session2,drummer1/session2/36,punk,128,beat,4-4,drummer1/session2/36_punk_128_beat_4-4.mid,drummer1/session2/36_punk_128_beat_4-4.wav,7.198242,train
407,drummer1,drummer1/session2,drummer1/session2/37,punk,128,beat,4-4,drummer1/session2/37_punk_128_beat_4-4.mid,drummer1/session2/37_punk_128_beat_4-4.wav,1.821289,train
410,drummer1,drummer1/session2,drummer1/session2/4,jazz,120,beat,3-4,drummer1/session2/4_jazz_120_beat_3-4.mid,drummer1/session2/4_jazz_120_beat_3-4.wav,131.7,train
421,drummer1,drummer1/session2,drummer1/session2/5,jazz,200,beat,3-4,drummer1/session2/5_jazz_200_beat_3-4.mid,drummer1/session2/5_jazz_200_beat_3-4.wav,118.338125,train
432,drummer1,drummer1/session2,drummer1/session2/6,rock,102,beat,3-4,drummer1/session2/6_rock_102_beat_3-4.mid,drummer1/session2/6_rock_102_beat_3-4.wav,192.46313899999998,train
435,drummer1,drummer1/session2,drummer1/session2/62,punk,144,beat,4-4,drummer1/session2/62_punk_144_beat_4-4.mid,drummer1/session2/62_punk_144_beat_4-4.wav,203.251899,validation
443,drummer1,drummer1/session2,drummer1/session2/7,jazz,88,beat,4-4,drummer1/session2/7_jazz-march_88_beat_4-4.mid,drummer1/session2/7_jazz-march_88_beat_4-4.wav,199.022674,train
454,drummer1,drummer1/session2,drummer1/session2/8,jazz,176,beat,4-4,drummer1/session2/8_jazz-march_176_beat_4-4.mid,drummer1/session2/8_jazz-march_176_beat_4-4.wav,143.141297,train
465,drummer1,drummer1/session2,drummer1/session2/9,jazz,120,beat,4-4,drummer1/session2/9_jazz-march_120_beat_4-4.mid,drummer1/session2/9_jazz-march_120_beat_4-4.wav,123.589583,train
466,drummer1,drummer1/session2,drummer1/session2/90,funk,92,beat,4-4,drummer1/session2/90_funk-rock_92_beat_4-4.mid,drummer1/session2/90_funk-rock_92_beat_4-4.wav,119.62501599999999,train
476,drummer1,drummer1/session3,drummer1/session3/1,rock,125,beat,4-4,drummer1/session3/1_rock-prog_125_beat_4-4.mid,drummer1/session3/1_rock-prog_125_beat_4-4.wav,292.847,train
477,drummer1,drummer1/session3,drummer1/session3/10,rock,90,beat,4-4,drummer1/session3/10_rock-folk_90_beat_4-4.mid,drummer1/session3/10_rock-folk_90_beat_4-4.wav,271.551525,train
478,drummer1,drummer1/session3,drummer1/session3/11,afrobeat,94,beat,4-4,drummer1/session3/11_afrobeat_94_beat_4-4.mid,drummer1/session3/11_afrobeat_94_beat_4-4.wav,257.85643500000003,train
479,drummer1,drummer1/session3,drummer1/session3/12,latin,96,beat,4-4,drummer1/session3/12_latin-bomba_96_beat_4-4.mid,drummer1/session3/12_latin-bomba_96_beat_4-4.wav,222.251302,validation
480,drummer1,drummer1/session3,drummer1/session3/13,rock,115,beat,4-4,drummer1/session3/13_rock_115_beat_4-4.mid,drummer1/session3/13_rock_115_beat_4-4.wav,305.406445,validation
481,drummer1,drummer1/session3,drummer1/session3/14,rock,94,beat,4-4,drummer1/session3/14_rock_94_beat_4-4.mid,drummer1/session3/14_rock_94_beat_4-4.wav,257.627711,train
482,drummer1,drummer1/session3,drummer1/session3/15,funk,117,beat,4-4,drummer1/session3/15_funk_117_beat_4-4.mid,drummer1/session3/15_funk_117_beat_4-4.wav,143.644367,validation
483,drummer1,drummer1/session3,drummer1/session3/16,funk,117,beat,4-4,drummer1/session3/16_funk_117_beat_4-4.mid,drummer1/session3/16_funk_117_beat_4-4.wav,87.07486899999999,train
484,drummer1,drummer1/session3,drummer1/session3/17,afrocuban,108,beat,4-4,drummer1/session3/17_afrocuban-calypso_108_beat_4-4.mid,drummer1/session3/17_afrocuban-calypso_108_beat_4-4.wav,244.177279,train
485,drummer1,drummer1/session3,drummer1/session3/18,rock,128,beat,4-4,drummer1/session3/18_rock_128_beat_4-4.mid,drummer1/session3/18_rock_128_beat_4-4.wav,142.45898400000002,train
486,drummer1,drummer1/session3,drummer1/session3/2,jazz,185,beat,4-4,drummer1/session3/2_jazz-swing_185_beat_4-4.mid,drummer1/session3/2_jazz-swing_185_beat_4-4.wav,250.32002000000003,train
487,drummer1,drummer1/session3,drummer1/session3/3,rock,200,beat,4-4,drummer1/session3/3_rock-rockabilly_200_beat_4-4.mid,drummer1/session3/3_rock-rockabilly_200_beat_4-4.wav,313.18625,train
488,drummer1,drummer1/session3,drummer1/session3/4,jazz,182,beat,4-4,drummer1/session3/4_jazz-linear_182_beat_4-4.mid,drummer1/session3/4_jazz-linear_182_beat_4-4.wav,268.777891,train
489,drummer1,drummer1/session3,drummer1/session3/5,jazz,128,beat,4-4,drummer1/session3/5_jazz-linear_128_beat_4-4.mid,drummer1/session3/5_jazz-linear_128_beat_4-4.wav,249.040039,train
490,drummer1,drummer1/session3,drummer1/session3/6,dance/disco,120,beat,4-4,drummer1/session3/6_dance-disco_120_beat_4-4.mid,drummer1/session3/6_dance-disco_120_beat_4-4.wav,225.941667,train
491,drummer1,drummer1/session3,drummer1/session3/7,dance/disco,120,beat,4-4,drummer1/session3/7_dance-disco_120_beat_4-4.mid,drummer1/session3/7_dance-disco_120_beat_4-4.wav,58.05,train
492,drummer1,drummer1/session3,drummer1/session3/8,rock,135,beat,4-4,drummer1/session3/8_rock_135_beat_4-4.mid,drummer1/session3/8_rock_135_beat_4-4.wav,30.209228999999997,train
493,drummer1,drummer1/session3,drummer1/session3/9,rock,135,beat,4-4,drummer1/session3/9_rock_135_beat_4-4.mid,drummer1/session3/9_rock_135_beat_4-4.wav,197.53221000000002,train
494,drummer10,drummer10/session1,drummer10/session1/1,jazz,124,beat,4-4,drummer10/session1/1_jazz-swing_124_beat_4-4.mid,drummer10/session1/1_jazz-swing_124_beat_4-4.wav,164.308479,train
495,drummer10,drummer10/session1,drummer10/session1/10,jazz,110,beat,4-4,drummer10/session1/10_jazz-swing_110_beat_4-4.mid,drummer10/session1/10_jazz-swing_110_beat_4-4.wav,174.65923600000002,train
496,drummer10,drummer10/session1,drummer10/session1/2,jazz,215,beat,4-4,drummer10/session1/2_jazz-swing_215_beat_4-4.mid,drummer10/session1/2_jazz-swing_215_beat_4-4.wav,90.45298199999999,train
497,drummer10,drummer10/session1,drummer10/session1/3,jazz,215,beat,4-4,drummer10/session1/3_jazz-swing_215_beat_4-4.mid,drummer10/session1/3_jazz-swing_215_beat_4-4.wav,51.426206,train
498,drummer10,drummer10/session1,drummer10/session1/4,jazz,215,beat,4-4,drummer10/session1/4_jazz-swing_215_beat_4-4.mid,drummer10/session1/4_jazz-swing_215_beat_4-4.wav,44.7262,train
499,drummer10,drummer10/session1,drummer10/session1/5,jazz,215,beat,4-4,drummer10/session1/5_jazz-swing_215_beat_4-4.mid,drummer10/session1/5_jazz-swing_215_beat_4-4.wav,55.89714,train
500,drummer10,drummer10/session1,drummer10/session1/6,jazz,215,beat,4-4,drummer10/session1/6_jazz-swing_215_beat_4-4.mid,drummer10/session1/6_jazz-swing_215_beat_4-4.wav,22.409902,train
501,drummer10,drummer10/session1,drummer10/session1/7,jazz,215,beat,4-4,drummer10/session1/7_jazz-swing_215_beat_4-4.mid,drummer10/session1/7_jazz-swing_215_beat_4-4.wav,17.923852,train
502,drummer10,drummer10/session1,drummer10/session1/8,jazz,215,beat,4-4,drummer10/session1/8_jazz-swing_215_beat_4-4.mid,drummer10/session1/8_jazz-swing_215_beat_4-4.wav,19.278504,train
503,drummer10,drummer10/session1,drummer10/session1/9,jazz,110,beat,4-4,drummer10/session1/9_jazz-swing_110_beat_4-4.mid,drummer10/session1/9_jazz-swing_110_beat_4-4.wav,167.017185,train
506,drummer3,drummer3/session1,drummer3/session1/1,rock,105,beat,4-4,drummer3/session1/1_rock_105_beat_4-4.mid,drummer3/session1/1_rock_105_beat_4-4.wav,73.16434100000001,train
507,drummer3,drummer3/session1,drummer3/session1/10,rock,105,beat,4-4,drummer3/session1/10_rock_105_beat_4-4.mid,drummer3/session1/10_rock_105_beat_4-4.wav,13.746439,train
508,drummer3,drummer3/session1,drummer3/session1/11,rock,120,beat,4-4,drummer3/session1/11_rock_120_beat_4-4.mid,drummer3/session1/11_rock_120_beat_4-4.wav,23.983333,test
509,drummer3,drummer3/session1,drummer3/session1/12,rock,120,beat,4-4,drummer3/session1/12_rock_120_beat_4-4.mid,drummer3/session1/12_rock_120_beat_4-4.wav,32.076042,train
510,drummer3,drummer3/session1,drummer3/session1/13,rock,120,beat,4-4,drummer3/session1/13_rock_120_beat_4-4.mid,drummer3/session1/13_rock_120_beat_4-4.wav,33.848958,train
511,drummer3,drummer3/session1,drummer3/session1/14,rock,120,beat,4-4,drummer3/session1/14_rock_120_beat_4-4.mid,drummer3/session1/14_rock_120_beat_4-4.wav,24.0125,test
512,drummer3,drummer3/session1,drummer3/session1/15,jazz,120,beat,4-4,drummer3/session1/15_jazz_120_beat_4-4.mid,drummer3/session1/15_jazz_120_beat_4-4.wav,31.915625,validation
513,drummer3,drummer3/session1,drummer3/session1/16,jazz,120,beat,4-4,drummer3/session1/16_jazz_120_beat_4-4.mid,drummer3/session1/16_jazz_120_beat_4-4.wav,39.914583,train
514,drummer3,drummer3/session1,drummer3/session1/17,jazz,120,beat,4-4,drummer3/session1/17_jazz_120_beat_4-4.mid,drummer3/session1/17_jazz_120_beat_4-4.wav,3.196875,train
515,drummer3,drummer3/session1,drummer3/session1/18,rock,120,beat,4-4,drummer3/session1/18_rock_120_beat_4-4.mid,drummer3/session1/18_rock_120_beat_4-4.wav,88.063542,train
516,drummer3,drummer3/session1,drummer3/session1/19,jazz,120,beat,4-4,drummer3/session1/19_jazz_120_beat_4-4.mid,drummer3/session1/19_jazz_120_beat_4-4.wav,9.977083,train
517,drummer3,drummer3/session1,drummer3/session1/2,rock,105,beat,4-4,drummer3/session1/2_rock_105_beat_4-4.mid,drummer3/session1/2_rock_105_beat_4-4.wav,7.840482000000001,train
518,drummer3,drummer3/session1,drummer3/session1/20,rock,120,beat,4-4,drummer3/session1/20_rock_120_beat_4-4.mid,drummer3/session1/20_rock_120_beat_4-4.wav,11.739583,train
519,drummer3,drummer3/session1,drummer3/session1/21,jazz,120,beat,4-4,drummer3/session1/21_jazz_120_beat_4-4.mid,drummer3/session1/21_jazz_120_beat_4-4.wav,6.909375,train
520,drummer3,drummer3/session1,drummer3/session1/22,jazz,120,beat,4-4,drummer3/session1/22_jazz_120_beat_4-4.mid,drummer3/session1/22_jazz_120_beat_4-4.wav,43.742708,train
521,drummer3,drummer3/session1,drummer3/session1/23,jazz,120,beat,4-4,drummer3/session1/23_jazz_120_beat_4-4.mid,drummer3/session1/23_jazz_120_beat_4-4.wav,7.96875,train
522,drummer3,drummer3/session1,drummer3/session1/24,rock,120,beat,4-4,drummer3/session1/24_rock_120_beat_4-4.mid,drummer3/session1/24_rock_120_beat_4-4.wav,15.989582999999998,train
523,drummer3,drummer3/session1,drummer3/session1/25,rock,120,beat,4-4,drummer3/session1/25_rock_120_beat_4-4.mid,drummer3/session1/25_rock_120_beat_4-4.wav,3.2479169999999997,train
524,drummer3,drummer3/session1,drummer3/session1/26,rock,120,beat,4-4,drummer3/session1/26_rock_120_beat_4-4.mid,drummer3/session1/26_rock_120_beat_4-4.wav,1.98125,test
525,drummer3,drummer3/session1,drummer3/session1/27,rock,120,beat,4-4,drummer3/session1/27_rock_120_beat_4-4.mid,drummer3/session1/27_rock_120_beat_4-4.wav,1.9229169999999998,train
526,drummer3,drummer3/session1,drummer3/session1/28,rock,120,beat,4-4,drummer3/session1/28_rock_120_beat_4-4.mid,drummer3/session1/28_rock_120_beat_4-4.wav,1.7260419999999999,train
527,drummer3,drummer3/session1,drummer3/session1/29,rock,120,beat,4-4,drummer3/session1/29_rock_120_beat_4-4.mid,drummer3/session1/29_rock_120_beat_4-4.wav,3.03125,train
528,drummer3,drummer3/session1,drummer3/session1/3,rock,105,beat,4-4,drummer3/session1/3_rock_105_beat_4-4.mid,drummer3/session1/3_rock_105_beat_4-4.wav,27.802402,train
529,drummer3,drummer3/session1,drummer3/session1/30,rock,120,beat,4-4,drummer3/session1/30_rock_120_beat_4-4.mid,drummer3/session1/30_rock_120_beat_4-4.wav,1.9958330000000002,train
530,drummer3,drummer3/session1,drummer3/session1/31,jazz,120,beat,4-4,drummer3/session1/31_jazz_120_beat_4-4.mid,drummer3/session1/31_jazz_120_beat_4-4.wav,4.004167,train
531,drummer3,drummer3/session1,drummer3/session1/32,jazz,120,beat,4-4,drummer3/session1/32_jazz_120_beat_4-4.mid,drummer3/session1/32_jazz_120_beat_4-4.wav,9.984375,test
532,drummer3,drummer3/session1,drummer3/session1/33,jazz,120,beat,4-4,drummer3/session1/33_jazz_120_beat_4-4.mid,drummer3/session1/33_jazz_120_beat_4-4.wav,8.051042,train
533,drummer3,drummer3/session1,drummer3/session1/34,rock,120,beat,4-4,drummer3/session1/34_rock_120_beat_4-4.mid,drummer3/session1/34_rock_120_beat_4-4.wav,1.8916669999999998,train
534,drummer3,drummer3/session1,drummer3/session1/35,rock,120,beat,4-4,drummer3/session1/35_rock_120_beat_4-4.mid,drummer3/session1/35_rock_120_beat_4-4.wav,43.977083,train
535,drummer3,drummer3/session1,drummer3/session1/36,rock,120,beat,4-4,drummer3/session1/36_rock_120_beat_4-4.mid,drummer3/session1/36_rock_120_beat_4-4.wav,1.865625,train
536,drummer3,drummer3/session1,drummer3/session1/37,rock,120,beat,4-4,drummer3/session1/37_rock_120_beat_4-4.mid,drummer3/session1/37_rock_120_beat_4-4.wav,1.6760419999999998,validation
537,drummer3,drummer3/session1,drummer3/session1/38,rock,120,beat,4-4,drummer3/session1/38_rock_120_beat_4-4.mid,drummer3/session1/38_rock_120_beat_4-4.wav,1.990625,train
538,drummer3,drummer3/session1,drummer3/session1/39,jazz,120,beat,4-4,drummer3/session1/39_jazz_120_beat_4-4.mid,drummer3/session1/39_jazz_120_beat_4-4.wav,7.980208,validation
539,drummer3,drummer3/session1,drummer3/session1/4,rock,105,beat,4-4,drummer3/session1/4_rock_105_beat_4-4.mid,drummer3/session1/4_rock_105_beat_4-4.wav,25.12859,train
540,drummer3,drummer3/session1,drummer3/session1/40,rock,120,beat,4-4,drummer3/session1/40_rock_120_beat_4-4.mid,drummer3/session1/40_rock_120_beat_4-4.wav,1.9927080000000001,train
541,drummer3,drummer3/session1,drummer3/session1/41,rock,120,beat,4-4,drummer3/session1/41_rock_120_beat_4-4.mid,drummer3/session1/41_rock_120_beat_4-4.wav,1.958333,validation
542,drummer3,drummer3/session1,drummer3/session1/42,rock,120,beat,4-4,drummer3/session1/42_rock_120_beat_4-4.mid,drummer3/session1/42_rock_120_beat_4-4.wav,1.9822919999999997,train
543,drummer3,drummer3/session1,drummer3/session1/43,rock,120,beat,4-4,drummer3/session1/43_rock_120_beat_4-4.mid,drummer3/session1/43_rock_120_beat_4-4.wav,1.7770830000000002,test
544,drummer3,drummer3/session1,drummer3/session1/44,rock,120,beat,4-4,drummer3/session1/44_rock_120_beat_4-4.mid,drummer3/session1/44_rock_120_beat_4-4.wav,3.9864580000000003,train
545,drummer3,drummer3/session1,drummer3/session1/45,rock,120,beat,4-4,drummer3/session1/45_rock_120_beat_4-4.mid,drummer3/session1/45_rock_120_beat_4-4.wav,4.05625,train
546,drummer3,drummer3/session1,drummer3/session1/46,rock,120,beat,4-4,drummer3/session1/46_rock_120_beat_4-4.mid,drummer3/session1/46_rock_120_beat_4-4.wav,1.9854169999999998,train
547,drummer3,drummer3/session1,drummer3/session1/47,rock,120,beat,4-4,drummer3/session1/47_rock_120_beat_4-4.mid,drummer3/session1/47_rock_120_beat_4-4.wav,1.484375,train
548,drummer3,drummer3/session1,drummer3/session1/48,rock,120,beat,4-4,drummer3/session1/48_rock_120_beat_4-4.mid,drummer3/session1/48_rock_120_beat_4-4.wav,3.9041669999999997,train
549,drummer3,drummer3/session1,drummer3/session1/49,rock,120,beat,4-4,drummer3/session1/49_rock_120_beat_4-4.mid,drummer3/session1/49_rock_120_beat_4-4.wav,3.979167,train
550,drummer3,drummer3/session1,drummer3/session1/5,rock,105,beat,4-4,drummer3/session1/5_rock_105_beat_4-4.mid,drummer3/session1/5_rock_105_beat_4-4.wav,20.513111,train
551,drummer3,drummer3/session1,drummer3/session1/50,rock,120,beat,4-4,drummer3/session1/50_rock_120_beat_4-4.mid,drummer3/session1/50_rock_120_beat_4-4.wav,3.865625,train
552,drummer3,drummer3/session1,drummer3/session1/6,rock,105,beat,4-4,drummer3/session1/6_rock_105_beat_4-4.mid,drummer3/session1/6_rock_105_beat_4-4.wav,10.152389,train
553,drummer3,drummer3/session1,drummer3/session1/7,rock,105,beat,4-4,drummer3/session1/7_rock_105_beat_4-4.mid,drummer3/session1/7_rock_105_beat_4-4.wav,34.313121,validation
554,drummer3,drummer3/session1,drummer3/session1/8,jazz,105,beat,4-4,drummer3/session1/8_jazz_105_beat_4-4.mid,drummer3/session1/8_jazz_105_beat_4-4.wav,74.097675,train
555,drummer3,drummer3/session1,drummer3/session1/9,rock,105,beat,4-4,drummer3/session1/9_rock_105_beat_4-4.mid,drummer3/session1/9_rock_105_beat_4-4.wav,84.56673,train
556,drummer3,drummer3/session2,drummer3/session2/1,rock,100,beat,4-4,drummer3/session2/1_rock_100_beat_4-4.mid,drummer3/session2/1_rock_100_beat_4-4.wav,28.74875,train
557,drummer3,drummer3/session2,drummer3/session2/10,rock,100,beat,4-4,drummer3/session2/10_rock_100_beat_4-4.mid,drummer3/session2/10_rock_100_beat_4-4.wav,21.07125,test
558,drummer3,drummer3/session2,drummer3/session2/11,rock,100,beat,4-4,drummer3/session2/11_rock_100_beat_4-4.mid,drummer3/session2/11_rock_100_beat_4-4.wav,9.4025,test
559,drummer3,drummer3/session2,drummer3/session2/12,rock,100,beat,4-4,drummer3/session2/12_rock_100_beat_4-4.mid,drummer3/session2/12_rock_100_beat_4-4.wav,6.975,train
560,drummer3,drummer3/session2,drummer3/session2/13,rock,100,beat,4-4,drummer3/session2/13_rock_100_beat_4-4.mid,drummer3/session2/13_rock_100_beat_4-4.wav,18.9725,train
561,drummer3,drummer3/session2,drummer3/session2/14,rock,100,beat,4-4,drummer3/session2/14_rock_100_beat_4-4.mid,drummer3/session2/14_rock_100_beat_4-4.wav,3.69375,train
562,drummer3,drummer3/session2,drummer3/session2/15,rock,100,beat,4-4,drummer3/session2/15_rock_100_beat_4-4.mid,drummer3/session2/15_rock_100_beat_4-4.wav,14.2075,train
563,drummer3,drummer3/session2,drummer3/session2/16,rock,100,beat,4-4,drummer3/session2/16_rock_100_beat_4-4.mid,drummer3/session2/16_rock_100_beat_4-4.wav,62.1875,train
564,drummer3,drummer3/session2,drummer3/session2/17,rock,100,beat,4-4,drummer3/session2/17_rock_100_beat_4-4.mid,drummer3/session2/17_rock_100_beat_4-4.wav,16.8525,train
565,drummer3,drummer3/session2,drummer3/session2/18,rock,100,beat,4-4,drummer3/session2/18_rock_100_beat_4-4.mid,drummer3/session2/18_rock_100_beat_4-4.wav,4.78375,train
566,drummer3,drummer3/session2,drummer3/session2/19,rock,100,beat,4-4,drummer3/session2/19_rock_100_beat_4-4.mid,drummer3/session2/19_rock_100_beat_4-4.wav,1.29,train
567,drummer3,drummer3/session2,drummer3/session2/2,rock,100,beat,4-4,drummer3/session2/2_rock_100_beat_4-4.mid,drummer3/session2/2_rock_100_beat_4-4.wav,21.09875,train
568,drummer3,drummer3/session2,drummer3/session2/20,rock,92,beat,4-4,drummer3/session2/20_rock_92_beat_4-4.mid,drummer3/session2/20_rock_92_beat_4-4.wav,36.399460999999995,train
569,drummer3,drummer3/session2,drummer3/session2/21,rock,92,beat,4-4,drummer3/session2/21_rock_92_beat_4-4.mid,drummer3/session2/21_rock_92_beat_4-4.wav,10.320654,train
570,drummer3,drummer3/session2,drummer3/session2/22,rock,92,beat,4-4,drummer3/session2/22_rock_92_beat_4-4.mid,drummer3/session2/22_rock_92_beat_4-4.wav,26.168482,train
571,drummer3,drummer3/session2,drummer3/session2/23,rock,92,beat,4-4,drummer3/session2/23_rock_92_beat_4-4.mid,drummer3/session2/23_rock_92_beat_4-4.wav,5.100544,train
572,drummer3,drummer3/session2,drummer3/session2/24,rock,92,beat,4-4,drummer3/session2/24_rock_92_beat_4-4.mid,drummer3/session2/24_rock_92_beat_4-4.wav,34.002722,train
573,drummer3,drummer3/session2,drummer3/session2/25,hiphop,92,beat,4-4,drummer3/session2/25_hiphop_92_beat_4-4.mid,drummer3/session2/25_hiphop_92_beat_4-4.wav,39.133157000000004,validation
574,drummer3,drummer3/session2,drummer3/session2/26,hiphop,92,beat,4-4,drummer3/session2/26_hiphop_92_beat_4-4.mid,drummer3/session2/26_hiphop_92_beat_4-4.wav,59.97419300000001,train
575,drummer3,drummer3/session2,drummer3/session2/27,jazz,92,beat,4-4,drummer3/session2/27_jazz_92_beat_4-4.mid,drummer3/session2/27_jazz_92_beat_4-4.wav,5.119566000000001,train
576,drummer3,drummer3/session2,drummer3/session2/28,rock,92,beat,4-4,drummer3/session2/28_rock_92_beat_4-4.mid,drummer3/session2/28_rock_92_beat_4-4.wav,12.089675999999999,train
577,drummer3,drummer3/session2,drummer3/session2/29,rock,92,beat,4-4,drummer3/session2/29_rock_92_beat_4-4.mid,drummer3/session2/29_rock_92_beat_4-4.wav,14.701089000000001,train
578,drummer3,drummer3/session2,drummer3/session2/3,rock,100,beat,4-4,drummer3/session2/3_rock_100_beat_4-4.mid,drummer3/session2/3_rock_100_beat_4-4.wav,11.81,train
579,drummer3,drummer3/session2,drummer3/session2/30,rock,92,beat,4-4,drummer3/session2/30_rock_92_beat_4-4.mid,drummer3/session2/30_rock_92_beat_4-4.wav,9.203806,train
580,drummer3,drummer3/session2,drummer3/session2/31,hiphop,92,beat,4-4,drummer3/session2/31_hiphop_92_beat_4-4.mid,drummer3/session2/31_hiphop_92_beat_4-4.wav,12.975545,train
581,drummer3,drummer3/session2,drummer3/session2/32,hiphop,92,beat,4-4,drummer3/session2/32_hiphop_92_beat_4-4.mid,drummer3/session2/32_hiphop_92_beat_4-4.wav,10.37636,train
582,drummer3,drummer3/session2,drummer3/session2/33,hiphop,92,beat,4-4,drummer3/session2/33_hiphop_92_beat_4-4.mid,drummer3/session2/33_hiphop_92_beat_4-4.wav,5.161684999999999,train
583,drummer3,drummer3/session2,drummer3/session2/34,rock,92,beat,4-4,drummer3/session2/34_rock_92_beat_4-4.mid,drummer3/session2/34_rock_92_beat_4-4.wav,9.222827,train
584,drummer3,drummer3/session2,drummer3/session2/35,rock,92,beat,4-4,drummer3/session2/35_rock_92_beat_4-4.mid,drummer3/session2/35_rock_92_beat_4-4.wav,10.18886,test
585,drummer3,drummer3/session2,drummer3/session2/36,rock,92,beat,4-4,drummer3/session2/36_rock_92_beat_4-4.mid,drummer3/session2/36_rock_92_beat_4-4.wav,5.1440220000000005,train
586,drummer3,drummer3/session2,drummer3/session2/37,rock,92,beat,4-4,drummer3/session2/37_rock_92_beat_4-4.mid,drummer3/session2/37_rock_92_beat_4-4.wav,26.225547,train
587,drummer3,drummer3/session2,drummer3/session2/38,rock,92,beat,4-4,drummer3/session2/38_rock_92_beat_4-4.mid,drummer3/session2/38_rock_92_beat_4-4.wav,9.883153,train
589,drummer3,drummer3/session2,drummer3/session2/4,rock,100,beat,4-4,drummer3/session2/4_rock_100_beat_4-4.mid,drummer3/session2/4_rock_100_beat_4-4.wav,9.73,train
590,drummer3,drummer3/session2,drummer3/session2/40,hiphop,110,beat,4-4,drummer3/session2/40_hiphop_110_beat_4-4.mid,drummer3/session2/40_hiphop_110_beat_4-4.wav,17.288651,train
591,drummer3,drummer3/session2,drummer3/session2/41,hiphop,110,beat,4-4,drummer3/session2/41_hiphop_110_beat_4-4.mid,drummer3/session2/41_hiphop_110_beat_4-4.wav,4.3613669999999995,train
592,drummer3,drummer3/session2,drummer3/session2/42,rock,110,beat,4-4,drummer3/session2/42_rock_110_beat_4-4.mid,drummer3/session2/42_rock_110_beat_4-4.wav,19.57388,train
593,drummer3,drummer3/session2,drummer3/session2/43,rock,110,beat,4-4,drummer3/session2/43_rock_110_beat_4-4.mid,drummer3/session2/43_rock_110_beat_4-4.wav,43.710264,train
597,drummer3,drummer3/session2,drummer3/session2/47,rock,110,beat,4-4,drummer3/session2/47_rock_110_beat_4-4.mid,drummer3/session2/47_rock_110_beat_4-4.wav,8.665916000000001,train
598,drummer3,drummer3/session2,drummer3/session2/48,rock,110,beat,4-4,drummer3/session2/48_rock_110_beat_4-4.mid,drummer3/session2/48_rock_110_beat_4-4.wav,8.255689,train
599,drummer3,drummer3/session2,drummer3/session2/5,rock,100,beat,4-4,drummer3/session2/5_rock_100_beat_4-4.mid,drummer3/session2/5_rock_100_beat_4-4.wav,40.31,validation
600,drummer3,drummer3/session2,drummer3/session2/6,rock,100,beat,4-4,drummer3/session2/6_rock_100_beat_4-4.mid,drummer3/session2/6_rock_100_beat_4-4.wav,21.7025,train
601,drummer3,drummer3/session2,drummer3/session2/7,rock,100,beat,4-4,drummer3/session2/7_rock_100_beat_4-4.mid,drummer3/session2/7_rock_100_beat_4-4.wav,18.7075,train
602,drummer3,drummer3/session2,drummer3/session2/8,rock,100,beat,4-4,drummer3/session2/8_rock_100_beat_4-4.mid,drummer3/session2/8_rock_100_beat_4-4.wav,4.79875,train
603,drummer3,drummer3/session2,drummer3/session2/9,rock,100,beat,4-4,drummer3/session2/9_rock_100_beat_4-4.mid,drummer3/session2/9_rock_100_beat_4-4.wav,9.38,train
604,drummer4,drummer4/session1,drummer4/session1/1,rock,87,beat,4-4,drummer4/session1/1_rock_87_beat_4-4.mid,drummer4/session1/1_rock_87_beat_4-4.wav,57.659468000000004,train
605,drummer4,drummer4/session1,drummer4/session1/2,jazz,158,beat,4-4,drummer4/session1/2_jazz_158_beat_4-4.mid,drummer4/session1/2_jazz_158_beat_4-4.wav,49.817268,validation
606,drummer4,drummer4/session1,drummer4/session1/3,jazz,152,beat,4-4,drummer4/session1/3_jazz-klezmer_152_beat_4-4.mid,drummer4/session1/3_jazz-klezmer_152_beat_4-4.wav,37.59541,train
607,drummer4,drummer4/session1,drummer4/session1/4,latin,92,beat,4-4,drummer4/session1/4_latin-brazilian_92_beat_4-4.mid,drummer4/session1/4_latin-brazilian_92_beat_4-4.wav,23.46196,train
608,drummer4,drummer4/session1,drummer4/session1/5,latin,184,beat,4-4,drummer4/session1/5_latin-brazilian_184_beat_4-4.mid,drummer4/session1/5_latin-brazilian_184_beat_4-4.wav,38.564543,validation
609,drummer4,drummer4/session1,drummer4/session1/6,blues/shuffle,134,beat,4-4,drummer4/session1/6_blues-shuffle_134_beat_4-4.mid,drummer4/session1/6_blues-shuffle_134_beat_4-4.wav,7.11287,train
610,drummer4,drummer4/session1,drummer4/session1/7,blues/shuffle,134,beat,4-4,drummer4/session1/7_blues-shuffle_134_beat_4-4.mid,drummer4/session1/7_blues-shuffle_134_beat_4-4.wav,3.564364,train
611,drummer4,drummer4/session1,drummer4/session1/8,blues/shuffle,112,beat,4-4,drummer4/session1/8_blues-shuffle_112_beat_4-4.mid,drummer4/session1/8_blues-shuffle_112_beat_4-4.wav,8.621647,train
612,drummer4,drummer4/session1,drummer4/session1/9,latin,158,beat,4-4,drummer4/session1/9_latin-merengue_158_beat_4-4.mid,drummer4/session1/9_latin-merengue_158_beat_4-4.wav,18.304597,train
613,drummer5,drummer5/eval_session,drummer5/eval_session/1,funk,138,beat,4-4,drummer5/eval_session/1_funk-groove1_138_beat_4-4.mid,drummer5/eval_session/1_funk-groove1_138_beat_4-4.wav,27.848757,test
614,drummer5,drummer5/eval_session,drummer5/eval_session/10,soul,102,beat,4-4,drummer5/eval_session/10_soul-groove10_102_beat_4-4.mid,drummer5/eval_session/10_soul-groove10_102_beat_4-4.wav,37.624981,test
615,drummer5,drummer5/eval_session,drummer5/eval_session/2,funk,105,beat,4-4,drummer5/eval_session/2_funk-groove2_105_beat_4-4.mid,drummer5/eval_session/2_funk-groove2_105_beat_4-4.wav,36.564313,test
616,drummer5,drummer5/eval_session,drummer5/eval_session/3,soul,86,beat,4-4,drummer5/eval_session/3_soul-groove3_86_beat_4-4.mid,drummer5/eval_session/3_soul-groove3_86_beat_4-4.wav,44.62352,test
617,drummer5,drummer5/eval_session,drummer5/eval_session/4,soul,80,beat,4-4,drummer5/eval_session/4_soul-groove4_80_beat_4-4.mid,drummer5/eval_session/4_soul-groove4_80_beat_4-4.wav,47.945312,test
618,drummer5,drummer5/eval_session,drummer5/eval_session/5,funk,84,beat,4-4,drummer5/eval_session/5_funk-groove5_84_beat_4-4.mid,drummer5/eval_session/5_funk-groove5_84_beat_4-4.wav,45.645852000000005,test
619,drummer5,drummer5/eval_session,drummer5/eval_session/6,hiphop,87,beat,4-4,drummer5/eval_session/6_hiphop-groove6_87_beat_4-4.mid,drummer5/eval_session/6_hiphop-groove6_87_beat_4-4.wav,44.081886,test
620,drummer5,drummer5/eval_session,drummer5/eval_session/7,pop,138,beat,4-4,drummer5/eval_session/7_pop-groove7_138_beat_4-4.mid,drummer5/eval_session/7_pop-groove7_138_beat_4-4.wav,27.8243,test
621,drummer5,drummer5/eval_session,drummer5/eval_session/8,rock,65,beat,4-4,drummer5/eval_session/8_rock-groove8_65_beat_4-4.mid,drummer5/eval_session/8_rock-groove8_65_beat_4-4.wav,58.482696999999995,test
622,drummer5,drummer5/eval_session,drummer5/eval_session/9,soul,105,beat,4-4,drummer5/eval_session/9_soul-groove9_105_beat_4-4.mid,drummer5/eval_session/9_soul-groove9_105_beat_4-4.wav,36.646456,test
623,drummer5,drummer5/session1,drummer5/session1/1,latin,127,beat,4-4,drummer5/session1/1_latin-brazilian-bossa_127_beat_4-4.mid,drummer5/session1/1_latin-brazilian-bossa_127_beat_4-4.wav,582.1250679999999,train
624,drummer5,drummer5/session1,drummer5/session1/10,latin,96,beat,4-4,drummer5/session1/10_latin-brazilian-sambareggae_96_beat_4-4.mid,drummer5/session1/10_latin-brazilian-sambareggae_96_beat_4-4.wav,52.401042,train
625,drummer5,drummer5/session1,drummer5/session1/11,latin,96,beat,4-4,drummer5/session1/11_latin-brazilian-sambareggae_96_beat_4-4.mid,drummer5/session1/11_latin-brazilian-sambareggae_96_beat_4-4.wav,169.257812,validation
626,drummer5,drummer5/session1,drummer5/session1/12,latin,96,beat,4-4,drummer5/session1/12_latin-brazilian-sambareggae_96_beat_4-4.mid,drummer5/session1/12_latin-brazilian-sambareggae_96_beat_4-4.wav,232.424479,test
627,drummer5,drummer5/session1,drummer5/session1/13,afrocuban,124,beat,4-4,drummer5/session1/13_afrocuban-calypso_124_beat_4-4.mid,drummer5/session1/13_afrocuban-calypso_124_beat_4-4.wav,347.960709,train
628,drummer5,drummer5/session1,drummer5/session1/14,latin,112,beat,4-4,drummer5/session1/14_latin-brazilian-songo_112_beat_4-4.mid,drummer5/session1/14_latin-brazilian-songo_112_beat_4-4.wav,413.758708,train
629,drummer5,drummer5/session1,drummer5/session1/15,funk,100,beat,4-4,drummer5/session1/15_funk_100_beat_4-4.mid,drummer5/session1/15_funk_100_beat_4-4.wav,297.67,train
630,drummer5,drummer5/session1,drummer5/session1/16,rock,136,beat,4-4,drummer5/session1/16_rock_136_beat_4-4.mid,drummer5/session1/16_rock_136_beat_4-4.wav,297.473947,train
631,drummer5,drummer5/session1,drummer5/session1/17,blues/shuffle,72,beat,4-4,drummer5/session1/17_blues-shuffle_72_beat_4-4.mid,drummer5/session1/17_blues-shuffle_72_beat_4-4.wav,269.532878,train
632,drummer5,drummer5/session1,drummer5/session1/18,afrocuban,128,beat,4-4,drummer5/session1/18_afrocuban_128_beat_4-4.mid,drummer5/session1/18_afrocuban_128_beat_4-4.wav,226.857422,train
633,drummer5,drummer5/session1,drummer5/session1/19,middleeastern,126,beat,4-4,drummer5/session1/19_middleeastern_126_beat_4-4.mid,drummer5/session1/19_middleeastern_126_beat_4-4.wav,226.604932,train
634,drummer5,drummer5/session1,drummer5/session1/2,latin,127,beat,4-4,drummer5/session1/2_latin-brazilian-bossa_127_beat_4-4.mid,drummer5/session1/2_latin-brazilian-bossa_127_beat_4-4.wav,611.5640480000001,train
635,drummer5,drummer5/session1,drummer5/session1/20,latin,110,beat,4-4,drummer5/session1/20_latin-brazilian-baiao_110_beat_4-4.mid,drummer5/session1/20_latin-brazilian-baiao_110_beat_4-4.wav,227.155871,train
636,drummer5,drummer5/session1,drummer5/session1/3,latin,89,beat,4-4,drummer5/session1/3_latin-brazilian-samba_89_beat_4-4.mid,drummer5/session1/3_latin-brazilian-samba_89_beat_4-4.wav,196.47463100000002,train
637,drummer5,drummer5/session1,drummer5/session1/4,latin,89,beat,4-4,drummer5/session1/4_latin-brazilian-samba_89_beat_4-4.mid,drummer5/session1/4_latin-brazilian-samba_89_beat_4-4.wav,183.141772,validation
638,drummer5,drummer5/session1,drummer5/session1/5,latin,89,beat,4-4,drummer5/session1/5_latin-brazilian-samba_89_beat_4-4.mid,drummer5/session1/5_latin-brazilian-samba_89_beat_4-4.wav,272.17543900000004,train
639,drummer5,drummer5/session1,drummer5/session1/6,latin,96,beat,4-4,drummer5/session1/6_latin-brazilian-maracatu_96_beat_4-4.mid,drummer5/session1/6_latin-brazilian-maracatu_96_beat_4-4.wav,208.057292,train
640,drummer5,drummer5/session1,drummer5/session1/7,latin,96,beat,4-4,drummer5/session1/7_latin-brazilian-maracatu_96_beat_4-4.mid,drummer5/session1/7_latin-brazilian-maracatu_96_beat_4-4.wav,250.074219,test
641,drummer5,drummer5/session1,drummer5/session1/8,latin,162,beat,5-8,drummer5/session1/8_latin-venezuelan-merengue_162_beat_5-8.mid,drummer5/session1/8_latin-venezuelan-merengue_162_beat_5-8.wav,166.912642,train
642,drummer5,drummer5/session1,drummer5/session1/9,latin,130,beat,4-4,drummer5/session1/9_latin-dominican-merengue_130_beat_4-4.mid,drummer5/session1/9_latin-dominican-merengue_130_beat_4-4.wav,307.425654,train
643,drummer5,drummer5/session2,drummer5/session2/1,latin,101,beat,4-4,drummer5/session2/1_latin-venezuelan-sangueo_101_beat_4-4.mid,drummer5/session2/1_latin-venezuelan-sangueo_101_beat_4-4.wav,80.779648,train
644,drummer5,drummer5/session2,drummer5/session2/10,funk,102,beat,4-4,drummer5/session2/10_neworleans-funk_102_beat_4-4.mid,drummer5/session2/10_neworleans-funk_102_beat_4-4.wav,190.22294399999998,train
645,drummer5,drummer5/session2,drummer5/session2/11,soul,96,beat,4-4,drummer5/session2/11_soul_96_beat_4-4.mid,drummer5/session2/11_soul_96_beat_4-4.wav,132.277344,train
646,drummer5,drummer5/session2,drummer5/session2/12,rock,105,beat,4-4,drummer5/session2/12_rock_105_beat_4-4.mid,drummer5/session2/12_rock_105_beat_4-4.wav,130.077479,train
647,drummer5,drummer5/session2,drummer5/session2/13,rock,140,beat,4-4,drummer5/session2/13_rock_140_beat_4-4.mid,drummer5/session2/13_rock_140_beat_4-4.wav,56.337444,train
648,drummer5,drummer5/session2,drummer5/session2/14,rock,140,beat,4-4,drummer5/session2/14_rock_140_beat_4-4.mid,drummer5/session2/14_rock_140_beat_4-4.wav,92.36955,train
649,drummer5,drummer5/session2,drummer5/session2/15,latin,80,beat,4-4,drummer5/session2/15_latin-venezuelan-joropo_80_beat_4-4.mid,drummer5/session2/15_latin-venezuelan-joropo_80_beat_4-4.wav,125.984375,validation
650,drummer5,drummer5/session2,drummer5/session2/16,latin,125,beat,3-4,drummer5/session2/16_latin-ando_125_beat_3-4.mid,drummer5/session2/16_latin-ando_125_beat_3-4.wav,161.144,train
651,drummer5,drummer5/session2,drummer5/session2/17,latin,110,beat,4-4,drummer5/session2/17_latin-brazilian-samba_110_beat_4-4.mid,drummer5/session2/17_latin-brazilian-samba_110_beat_4-4.wav,133.820321,validation
652,drummer5,drummer5/session2,drummer5/session2/18,latin,93,beat,4-4,drummer5/session2/18_latin-brazilian-samba_93_beat_4-4.mid,drummer5/session2/18_latin-brazilian-samba_93_beat_4-4.wav,54.04433100000001,train
653,drummer5,drummer5/session2,drummer5/session2/19,latin,108,beat,4-4,drummer5/session2/19_latin-brazilian-ijexa_108_beat_4-4.mid,drummer5/session2/19_latin-brazilian-ijexa_108_beat_4-4.wav,92.42137,train
654,drummer5,drummer5/session2,drummer5/session2/2,latin,101,beat,4-4,drummer5/session2/2_latin-brazilian_101_beat_4-4.mid,drummer5/session2/2_latin-brazilian_101_beat_4-4.wav,64.136095,train
655,drummer5,drummer5/session2,drummer5/session2/20,latin,108,beat,4-4,drummer5/session2/20_latin-brazilian-ijexa_108_beat_4-4.mid,drummer5/session2/20_latin-brazilian-ijexa_108_beat_4-4.wav,31.101877,train
656,drummer5,drummer5/session2,drummer5/session2/21,latin,108,beat,4-4,drummer5/session2/21_latin-brazilian-ijexa_108_beat_4-4.mid,drummer5/session2/21_latin-brazilian-ijexa_108_beat_4-4.wav,70.450288,train
657,drummer5,drummer5/session2,drummer5/session2/22,latin,133,beat,4-4,drummer5/session2/22_latin-brazilian-frevo_133_beat_4-4.mid,drummer5/session2/22_latin-brazilian-frevo_133_beat_4-4.wav,144.05738799999997,validation
658,drummer5,drummer5/session2,drummer5/session2/23,latin,120,beat,4-4,drummer5/session2/23_latin-brazilian-songo_120_beat_4-4.mid,drummer5/session2/23_latin-brazilian-songo_120_beat_4-4.wav,93.961458,train
659,drummer5,drummer5/session2,drummer5/session2/24,latin,120,beat,4-4,drummer5/session2/24_latin-brazilian-songo_120_beat_4-4.mid,drummer5/session2/24_latin-brazilian-songo_120_beat_4-4.wav,141.760417,train
660,drummer5,drummer5/session2,drummer5/session2/3,latin,101,beat,4-4,drummer5/session2/3_latin-brazilian_101_beat_4-4.mid,drummer5/session2/3_latin-brazilian_101_beat_4-4.wav,102.477653,train
661,drummer5,drummer5/session2,drummer5/session2/4,reggae,141,beat,4-4,drummer5/session2/4_reggae_141_beat_4-4.mid,drummer5/session2/4_reggae_141_beat_4-4.wav,206.679119,test
662,drummer5,drummer5/session2,drummer5/session2/5,reggae,126,beat,4-4,drummer5/session2/5_reggae_126_beat_4-4.mid,drummer5/session2/5_reggae_126_beat_4-4.wav,185.730965,train
663,drummer5,drummer5/session2,drummer5/session2/6,neworleans/secondline,99,beat,4-4,drummer5/session2/6_neworleans-secondline_99_beat_4-4.mid,drummer5/session2/6_neworleans-secondline_99_beat_4-4.wav,271.979975,train
664,drummer5,drummer5/session2,drummer5/session2/7,neworleans/secondline,124,beat,4-4,drummer5/session2/7_neworleans-secondline_124_beat_4-4.mid,drummer5/session2/7_neworleans-secondline_124_beat_4-4.wav,94.731861,train
665,drummer5,drummer5/session2,drummer5/session2/8,neworleans/chacha,124,beat,4-4,drummer5/session2/8_neworleans-chacha_124_beat_4-4.mid,drummer5/session2/8_neworleans-chacha_124_beat_4-4.wav,115.85686299999999,train
666,drummer5,drummer5/session2,drummer5/session2/9,neworleans/shuffle,104,beat,4-4,drummer5/session2/9_neworleans-shuffle_104_beat_4-4.mid,drummer5/session2/9_neworleans-shuffle_104_beat_4-4.wav,130.782434,train
667,drummer6,drummer6/session1,drummer6/session1/1,rock,70,beat,6-8,drummer6/session1/1_rock_70_beat_6-8.mid,drummer6/session1/1_rock_70_beat_6-8.wav,35.717863,train
668,drummer6,drummer6/session1,drummer6/session1/2,rock,70,beat,6-8,drummer6/session1/2_rock_70_beat_6-8.mid,drummer6/session1/2_rock_70_beat_6-8.wav,84.537514,train
669,drummer6,drummer6/session1,drummer6/session1/3,rock,80,beat,6-8,drummer6/session1/3_rock_80_beat_6-8.mid,drummer6/session1/3_rock_80_beat_6-8.wav,20.214063,train
670,drummer6,drummer6/session1,drummer6/session1/4,rock,80,beat,6-8,drummer6/session1/4_rock_80_beat_6-8.mid,drummer6/session1/4_rock_80_beat_6-8.wav,52.329688,validation
671,drummer6,drummer6/session1,drummer6/session1/5,rock,60,beat,6-8,drummer6/session1/5_rock_60_beat_6-8.mid,drummer6/session1/5_rock_60_beat_6-8.wav,75.6625,train
672,drummer6,drummer6/session2,drummer6/session2/1,rock,95,beat,4-4,drummer6/session2/1_rock_95_beat_4-4.mid,drummer6/session2/1_rock_95_beat_4-4.wav,186.065805,train
673,drummer6,drummer6/session2,drummer6/session2/2,rock,95,beat,4-4,drummer6/session2/2_rock_95_beat_4-4.mid,drummer6/session2/2_rock_95_beat_4-4.wav,143.175012,train
674,drummer6,drummer6/session2,drummer6/session2/3,rock,88,beat,4-4,drummer6/session2/3_rock_88_beat_4-4.mid,drummer6/session2/3_rock_88_beat_4-4.wav,201.338014,train
675,drummer6,drummer6/session3,drummer6/session3/1,rock,90,beat,4-4,drummer6/session3/1_rock_90_beat_4-4.mid,drummer6/session3/1_rock_90_beat_4-4.wav,54.712527,validation
676,drummer6,drummer6/session3,drummer6/session3/2,rock,100,beat,4-4,drummer6/session3/2_rock_100_beat_4-4.mid,drummer6/session3/2_rock_100_beat_4-4.wav,74.50875,train
677,drummer6,drummer6/session3,drummer6/session3/3,rock,100,beat,4-4,drummer6/session3/3_rock_100_beat_4-4.mid,drummer6/session3/3_rock_100_beat_4-4.wav,204.025,train
678,drummer6,drummer6/session3,drummer6/session3/4,rock,127,beat,4-4,drummer6/session3/4_rock_127_beat_4-4.mid,drummer6/session3/4_rock_127_beat_4-4.wav,164.364192,validation
679,drummer6,drummer6/session3,drummer6/session3/5,rock,180,beat,4-4,drummer6/session3/5_rock_180_beat_4-4.mid,drummer6/session3/5_rock_180_beat_4-4.wav,145.431105,validation
680,drummer6,drummer6/session3,drummer6/session3/6,rock,88,beat,4-4,drummer6/session3/6_rock_88_beat_4-4.mid,drummer6/session3/6_rock_88_beat_4-4.wav,169.136319,train
681,drummer6,drummer6/session3,drummer6/session3/7,rock,88,beat,4-4,drummer6/session3/7_rock_88_beat_4-4.mid,drummer6/session3/7_rock_88_beat_4-4.wav,122.781217,train
682,drummer7,drummer7/eval_session,drummer7/eval_session/1,funk,138,beat,4-4,drummer7/eval_session/1_funk-groove1_138_beat_4-4.mid,drummer7/eval_session/1_funk-groove1_138_beat_4-4.wav,27.721039,test
683,drummer7,drummer7/eval_session,drummer7/eval_session/10,soul,102,beat,4-4,drummer7/eval_session/10_soul-groove10_102_beat_4-4.mid,drummer7/eval_session/10_soul-groove10_102_beat_4-4.wav,37.709540000000004,test
684,drummer7,drummer7/eval_session,drummer7/eval_session/2,funk,105,beat,4-4,drummer7/eval_session/2_funk-groove2_105_beat_4-4.mid,drummer7/eval_session/2_funk-groove2_105_beat_4-4.wav,36.098836999999996,test
685,drummer7,drummer7/eval_session,drummer7/eval_session/3,soul,86,beat,4-4,drummer7/eval_session/3_soul-groove3_86_beat_4-4.mid,drummer7/eval_session/3_soul-groove3_86_beat_4-4.wav,44.639508,test
686,drummer7,drummer7/eval_session,drummer7/eval_session/4,soul,80,beat,4-4,drummer7/eval_session/4_soul-groove4_80_beat_4-4.mid,drummer7/eval_session/4_soul-groove4_80_beat_4-4.wav,47.73125,test
687,drummer7,drummer7/eval_session,drummer7/eval_session/5,funk,84,beat,4-4,drummer7/eval_session/5_funk-groove5_84_beat_4-4.mid,drummer7/eval_session/5_funk-groove5_84_beat_4-4.wav,45.784245,test
688,drummer7,drummer7/eval_session,drummer7/eval_session/6,hiphop,87,beat,4-4,drummer7/eval_session/6_hiphop-groove6_87_beat_4-4.mid,drummer7/eval_session/6_hiphop-groove6_87_beat_4-4.wav,43.837633000000004,test
689,drummer7,drummer7/eval_session,drummer7/eval_session/7,pop,138,beat,4-4,drummer7/eval_session/7_pop-groove7_138_beat_4-4.mid,drummer7/eval_session/7_pop-groove7_138_beat_4-4.wav,27.694771000000003,test
690,drummer7,drummer7/eval_session,drummer7/eval_session/8,rock,65,beat,4-4,drummer7/eval_session/8_rock-groove8_65_beat_4-4.mid,drummer7/eval_session/8_rock-groove8_65_beat_4-4.wav,58.544236,test
691,drummer7,drummer7/eval_session,drummer7/eval_session/9,soul,105,beat,4-4,drummer7/eval_session/9_soul-groove9_105_beat_4-4.mid,drummer7/eval_session/9_soul-groove9_105_beat_4-4.wav,36.554789,test
692,drummer7,drummer7/session1,drummer7/session1/1,rock,86,beat,4-4,drummer7/session1/1_rock_86_beat_4-4.mid,drummer7/session1/1_rock_86_beat_4-4.wav,224.691726,train
693,drummer7,drummer7/session1,drummer7/session1/10,rock,93,beat,4-4,drummer7/session1/10_rock_93_beat_4-4.mid,drummer7/session1/10_rock_93_beat_4-4.wav,79.65991,train
694,drummer7,drummer7/session1,drummer7/session1/11,rock,93,beat,4-4,drummer7/session1/11_rock_93_beat_4-4.mid,drummer7/session1/11_rock_93_beat_4-4.wav,61.927391,train
695,drummer7,drummer7/session1,drummer7/session1/12,funk,102,beat,4-4,drummer7/session1/12_funk_102_beat_4-4.mid,drummer7/session1/12_funk_102_beat_4-4.wav,54.153158999999995,train
696,drummer7,drummer7/session1,drummer7/session1/13,funk,102,beat,4-4,drummer7/session1/13_funk_102_beat_4-4.mid,drummer7/session1/13_funk_102_beat_4-4.wav,96.460736,validation
697,drummer7,drummer7/session1,drummer7/session1/14,jazz,100,beat,4-4,drummer7/session1/14_jazz_100_beat_4-4.mid,drummer7/session1/14_jazz_100_beat_4-4.wav,58.94375,validation
698,drummer7,drummer7/session1,drummer7/session1/15,jazz,112,beat,4-4,drummer7/session1/15_jazz_112_beat_4-4.mid,drummer7/session1/15_jazz_112_beat_4-4.wav,90.059104,train
699,drummer7,drummer7/session1,drummer7/session1/16,hiphop,100,beat,4-4,drummer7/session1/16_hiphop_100_beat_4-4.mid,drummer7/session1/16_hiphop_100_beat_4-4.wav,43.255,test
700,drummer7,drummer7/session1,drummer7/session1/17,hiphop,100,beat,4-4,drummer7/session1/17_hiphop_100_beat_4-4.mid,drummer7/session1/17_hiphop_100_beat_4-4.wav,84.00125,train
701,drummer7,drummer7/session1,drummer7/session1/18,hiphop,100,beat,4-4,drummer7/session1/18_hiphop_100_beat_4-4.mid,drummer7/session1/18_hiphop_100_beat_4-4.wav,21.65625,train
706,drummer7,drummer7/session1,drummer7/session1/22,hiphop,100,beat,4-4,drummer7/session1/22_hiphop_100_beat_4-4.mid,drummer7/session1/22_hiphop_100_beat_4-4.wav,20.01375,train
723,drummer7,drummer7/session1,drummer7/session1/38,hiphop,100,beat,4-4,drummer7/session1/38_hiphop_100_beat_4-4.mid,drummer7/session1/38_hiphop_100_beat_4-4.wav,25.81125,train
724,drummer7,drummer7/session1,drummer7/session1/39,hiphop,100,beat,4-4,drummer7/session1/39_hiphop_100_beat_4-4.mid,drummer7/session1/39_hiphop_100_beat_4-4.wav,23.96625,train
726,drummer7,drummer7/session1,drummer7/session1/40,hiphop,100,beat,4-4,drummer7/session1/40_hiphop_100_beat_4-4.mid,drummer7/session1/40_hiphop_100_beat_4-4.wav,16.915,train
729,drummer7,drummer7/session1,drummer7/session1/7,rock,93,beat,4-4,drummer7/session1/7_rock_93_beat_4-4.mid,drummer7/session1/7_rock_93_beat_4-4.wav,30.951598999999998,train
730,drummer7,drummer7/session1,drummer7/session1/8,rock,93,beat,4-4,drummer7/session1/8_rock_93_beat_4-4.mid,drummer7/session1/8_rock_93_beat_4-4.wav,167.466322,train
731,drummer7,drummer7/session1,drummer7/session1/9,rock,93,beat,4-4,drummer7/session1/9_rock_93_beat_4-4.mid,drummer7/session1/9_rock_93_beat_4-4.wav,99.973073,train
732,drummer7,drummer7/session2,drummer7/session2/1,rock,120,beat,4-4,drummer7/session2/1_rock_120_beat_4-4.mid,drummer7/session2/1_rock_120_beat_4-4.wav,64.185417,train
734,drummer7,drummer7/session2,drummer7/session2/100,pop,142,beat,4-4,drummer7/session2/100_pop_142_beat_4-4.mid,drummer7/session2/100_pop_142_beat_4-4.wav,27.497345000000003,validation
735,drummer7,drummer7/session2,drummer7/session2/101,pop,142,beat,4-4,drummer7/session2/101_pop_142_beat_4-4.mid,drummer7/session2/101_pop_142_beat_4-4.wav,40.460367,train
736,drummer7,drummer7/session2,drummer7/session2/102,pop,132,beat,4-4,drummer7/session2/102_pop_132_beat_4-4.mid,drummer7/session2/102_pop_132_beat_4-4.wav,12.709268,validation
737,drummer7,drummer7/session2,drummer7/session2/103,pop,132,beat,4-4,drummer7/session2/103_pop_132_beat_4-4.mid,drummer7/session2/103_pop_132_beat_4-4.wav,47.055824,train
738,drummer7,drummer7/session2,drummer7/session2/104,pop,132,beat,4-4,drummer7/session2/104_pop_132_beat_4-4.mid,drummer7/session2/104_pop_132_beat_4-4.wav,48.268890999999996,train
739,drummer7,drummer7/session2,drummer7/session2/105,pop,132,beat,4-4,drummer7/session2/105_pop_132_beat_4-4.mid,drummer7/session2/105_pop_132_beat_4-4.wav,18.890133,train
740,drummer7,drummer7/session2,drummer7/session2/106,soul,104,beat,4-4,drummer7/session2/106_soul-motown_104_beat_4-4.mid,drummer7/session2/106_soul-motown_104_beat_4-4.wav,85.360566,train
742,drummer7,drummer7/session2,drummer7/session2/108,soul,104,beat,4-4,drummer7/session2/108_soul-motown_104_beat_4-4.mid,drummer7/session2/108_soul-motown_104_beat_4-4.wav,47.790859000000005,train
747,drummer7,drummer7/session2,drummer7/session2/112,jazz,96,beat,4-4,drummer7/session2/112_jazz-fusion_96_beat_4-4.mid,drummer7/session2/112_jazz-fusion_96_beat_4-4.wav,40.052083,test
748,drummer7,drummer7/session2,drummer7/session2/113,jazz,96,beat,4-4,drummer7/session2/113_jazz-fusion_96_beat_4-4.mid,drummer7/session2/113_jazz-fusion_96_beat_4-4.wav,44.613281,validation
749,drummer7,drummer7/session2,drummer7/session2/114,jazz,96,beat,4-4,drummer7/session2/114_jazz-fusion_96_beat_4-4.mid,drummer7/session2/114_jazz-fusion_96_beat_4-4.wav,19.996094,test
750,drummer7,drummer7/session2,drummer7/session2/115,jazz,96,beat,4-4,drummer7/session2/115_jazz-fusion_96_beat_4-4.mid,drummer7/session2/115_jazz-fusion_96_beat_4-4.wav,57.522135,train
755,drummer7,drummer7/session2,drummer7/session2/12,rock,95,beat,4-4,drummer7/session2/12_rock_95_beat_4-4.mid,drummer7/session2/12_rock_95_beat_4-4.wav,5.052632,train
759,drummer7,drummer7/session2,drummer7/session2/123,hiphop,140,beat,4-4,drummer7/session2/123_hiphop_140_beat_4-4.mid,drummer7/session2/123_hiphop_140_beat_4-4.wav,109.976676,train
771,drummer7,drummer7/session2,drummer7/session2/14,rock,95,beat,4-4,drummer7/session2/14_rock_95_beat_4-4.mid,drummer7/session2/14_rock_95_beat_4-4.wav,37.489477,validation
772,drummer7,drummer7/session2,drummer7/session2/15,rock,118,beat,4-4,drummer7/session2/15_rock_118_beat_4-4.mid,drummer7/session2/15_rock_118_beat_4-4.wav,114.074248,validation
777,drummer7,drummer7/session2,drummer7/session2/2,rock,120,beat,4-4,drummer7/session2/2_rock_120_beat_4-4.mid,drummer7/session2/2_rock_120_beat_4-4.wav,9.982292,test
780,drummer7,drummer7/session2,drummer7/session2/22,rock,118,beat,4-4,drummer7/session2/22_rock_118_beat_4-4.mid,drummer7/session2/22_rock_118_beat_4-4.wav,1.977756,train
782,drummer7,drummer7/session2,drummer7/session2/24,rock,118,beat,4-4,drummer7/session2/24_rock_118_beat_4-4.mid,drummer7/session2/24_rock_118_beat_4-4.wav,16.85065,train
784,drummer7,drummer7/session2,drummer7/session2/26,rock,118,beat,4-4,drummer7/session2/26_rock_118_beat_4-4.mid,drummer7/session2/26_rock_118_beat_4-4.wav,34.708715000000005,train
785,drummer7,drummer7/session2,drummer7/session2/27,rock,75,beat,4-4,drummer7/session2/27_rock_75_beat_4-4.mid,drummer7/session2/27_rock_75_beat_4-4.wav,111.0,validation
787,drummer7,drummer7/session2,drummer7/session2/29,rock,75,beat,4-4,drummer7/session2/29_rock_75_beat_4-4.mid,drummer7/session2/29_rock_75_beat_4-4.wav,32.011666999999996,train
788,drummer7,drummer7/session2,drummer7/session2/3,rock,120,beat,4-4,drummer7/session2/3_rock_120_beat_4-4.mid,drummer7/session2/3_rock_120_beat_4-4.wav,3.971875,train
789,drummer7,drummer7/session2,drummer7/session2/30,rock,75,beat,4-4,drummer7/session2/30_rock_75_beat_4-4.mid,drummer7/session2/30_rock_75_beat_4-4.wav,9.546667,train
792,drummer7,drummer7/session2,drummer7/session2/33,rock,75,beat,4-4,drummer7/session2/33_rock_75_beat_4-4.mid,drummer7/session2/33_rock_75_beat_4-4.wav,28.788333,train
796,drummer7,drummer7/session2,drummer7/session2/37,rock,112,beat,4-4,drummer7/session2/37_rock_112_beat_4-4.mid,drummer7/session2/37_rock_112_beat_4-4.wav,137.228721,train
799,drummer7,drummer7/session2,drummer7/session2/4,rock,120,beat,4-4,drummer7/session2/4_rock_120_beat_4-4.mid,drummer7/session2/4_rock_120_beat_4-4.wav,11.091667,train
805,drummer7,drummer7/session2,drummer7/session2/45,rock,135,beat,4-4,drummer7/session2/45_rock_135_beat_4-4.mid,drummer7/session2/45_rock_135_beat_4-4.wav,70.999003,train
806,drummer7,drummer7/session2,drummer7/session2/46,rock,135,beat,4-4,drummer7/session2/46_rock_135_beat_4-4.mid,drummer7/session2/46_rock_135_beat_4-4.wav,30.328673,validation
809,drummer7,drummer7/session2,drummer7/session2/49,rock,135,beat,4-4,drummer7/session2/49_rock_135_beat_4-4.mid,drummer7/session2/49_rock_135_beat_4-4.wav,14.342578,train
810,drummer7,drummer7/session2,drummer7/session2/5,rock,120,beat,4-4,drummer7/session2/5_rock_120_beat_4-4.mid,drummer7/session2/5_rock_120_beat_4-4.wav,1.8895830000000002,train
814,drummer7,drummer7/session2,drummer7/session2/53,rock,135,beat,4-4,drummer7/session2/53_rock_135_beat_4-4.mid,drummer7/session2/53_rock_135_beat_4-4.wav,28.56849,test
815,drummer7,drummer7/session2,drummer7/session2/54,soul,148,beat,4-4,drummer7/session2/54_soul-motown_148_beat_4-4.mid,drummer7/session2/54_soul-motown_148_beat_4-4.wav,103.868984,train
821,drummer7,drummer7/session2,drummer7/session2/6,rock,120,beat,4-4,drummer7/session2/6_rock_120_beat_4-4.mid,drummer7/session2/6_rock_120_beat_4-4.wav,44.115625,train
825,drummer7,drummer7/session2,drummer7/session2/63,soul,148,beat,4-4,drummer7/session2/63_soul-motown_148_beat_4-4.mid,drummer7/session2/63_soul-motown_148_beat_4-4.wav,26.004197,train
826,drummer7,drummer7/session2,drummer7/session2/64,rock,145,beat,4-4,drummer7/session2/64_rock_145_beat_4-4.mid,drummer7/session2/64_rock_145_beat_4-4.wav,79.57066999999999,train
832,drummer7,drummer7/session2,drummer7/session2/7,rock,120,beat,4-4,drummer7/session2/7_rock_120_beat_4-4.mid,drummer7/session2/7_rock_120_beat_4-4.wav,6.09375,train
835,drummer7,drummer7/session2,drummer7/session2/72,funk,100,beat,4-4,drummer7/session2/72_funk_100_beat_4-4.mid,drummer7/session2/72_funk_100_beat_4-4.wav,107.97375,train
839,drummer7,drummer7/session2,drummer7/session2/76,funk,100,beat,4-4,drummer7/session2/76_funk_100_beat_4-4.mid,drummer7/session2/76_funk_100_beat_4-4.wav,4.79875,train
840,drummer7,drummer7/session2,drummer7/session2/77,funk,100,beat,4-4,drummer7/session2/77_funk_100_beat_4-4.mid,drummer7/session2/77_funk_100_beat_4-4.wav,9.4125,train
841,drummer7,drummer7/session2,drummer7/session2/78,funk,100,beat,4-4,drummer7/session2/78_funk_100_beat_4-4.mid,drummer7/session2/78_funk_100_beat_4-4.wav,4.4825,train
842,drummer7,drummer7/session2,drummer7/session2/79,funk,100,beat,4-4,drummer7/session2/79_funk_100_beat_4-4.mid,drummer7/session2/79_funk_100_beat_4-4.wav,23.635,train
843,drummer7,drummer7/session2,drummer7/session2/8,rock,95,beat,4-4,drummer7/session2/8_rock_95_beat_4-4.mid,drummer7/session2/8_rock_95_beat_4-4.wav,108.02764099999999,validation
844,drummer7,drummer7/session2,drummer7/session2/80,country,78,beat,4-4,drummer7/session2/80_country_78_beat_4-4.mid,drummer7/session2/80_country_78_beat_4-4.wav,144.70036399999998,train
851,drummer7,drummer7/session2,drummer7/session2/87,hiphop,75,beat,4-4,drummer7/session2/87_hiphop_75_beat_4-4.mid,drummer7/session2/87_hiphop_75_beat_4-4.wav,143.92166699999999,train
857,drummer7,drummer7/session2,drummer7/session2/92,hiphop,75,beat,4-4,drummer7/session2/92_hiphop_75_beat_4-4.mid,drummer7/session2/92_hiphop_75_beat_4-4.wav,12.678333,train
858,drummer7,drummer7/session2,drummer7/session2/93,hiphop,75,beat,4-4,drummer7/session2/93_hiphop_75_beat_4-4.mid,drummer7/session2/93_hiphop_75_beat_4-4.wav,25.693333,test
861,drummer7,drummer7/session2,drummer7/session2/96,pop,142,beat,4-4,drummer7/session2/96_pop_142_beat_4-4.mid,drummer7/session2/96_pop_142_beat_4-4.wav,85.468267,validation
862,drummer7,drummer7/session2,drummer7/session2/97,pop,142,beat,4-4,drummer7/session2/97_pop_142_beat_4-4.mid,drummer7/session2/97_pop_142_beat_4-4.wav,33.022871,train
865,drummer7,drummer7/session3,drummer7/session3/1,rock,60,beat,4-4,drummer7/session3/1_rock_60_beat_4-4.mid,drummer7/session3/1_rock_60_beat_4-4.wav,81.810417,train
866,drummer7,drummer7/session3,drummer7/session3/10,rock,60,beat,4-4,drummer7/session3/10_rock_60_beat_4-4.mid,drummer7/session3/10_rock_60_beat_4-4.wav,99.80625,train
873,drummer7,drummer7/session3,drummer7/session3/106,hiphop,70,beat,4-4,drummer7/session3/106_hiphop_70_beat_4-4.mid,drummer7/session3/106_hiphop_70_beat_4-4.wav,54.903581,train
875,drummer7,drummer7/session3,drummer7/session3/108,rock,95,beat,4-4,drummer7/session3/108_rock_95_beat_4-4.mid,drummer7/session3/108_rock_95_beat_4-4.wav,108.501325,train
876,drummer7,drummer7/session3,drummer7/session3/109,rock,95,beat,4-4,drummer7/session3/109_rock_95_beat_4-4.mid,drummer7/session3/109_rock_95_beat_4-4.wav,42.911846000000004,test
877,drummer7,drummer7/session3,drummer7/session3/11,pop,83,beat,4-4,drummer7/session3/11_pop-soft_83_beat_4-4.mid,drummer7/session3/11_pop-soft_83_beat_4-4.wav,138.644661,validation
885,drummer7,drummer7/session3,drummer7/session3/117,rock,95,beat,4-4,drummer7/session3/117_rock_95_beat_4-4.mid,drummer7/session3/117_rock_95_beat_4-4.wav,22.726318,test
887,drummer7,drummer7/session3,drummer7/session3/119,rock,95,beat,4-4,drummer7/session3/119_rock_95_beat_4-4.mid,drummer7/session3/119_rock_95_beat_4-4.wav,20.042107,train
889,drummer7,drummer7/session3,drummer7/session3/120,rock,93,beat,4-4,drummer7/session3/120_rock_93_beat_4-4.mid,drummer7/session3/120_rock_93_beat_4-4.wav,92.97173199999999,train
898,drummer7,drummer7/session3,drummer7/session3/129,rock,93,beat,4-4,drummer7/session3/129_rock_93_beat_4-4.mid,drummer7/session3/129_rock_93_beat_4-4.wav,51.505353,train
900,drummer7,drummer7/session3,drummer7/session3/130,soul,105,beat,4-4,drummer7/session3/130_soul_105_beat_4-4.mid,drummer7/session3/130_soul_105_beat_4-4.wav,27.389306,train
901,drummer7,drummer7/session3,drummer7/session3/131,soul,105,beat,4-4,drummer7/session3/131_soul_105_beat_4-4.mid,drummer7/session3/131_soul_105_beat_4-4.wav,31.902404999999998,train
902,drummer7,drummer7/session3,drummer7/session3/132,soul,105,beat,4-4,drummer7/session3/132_soul_105_beat_4-4.mid,drummer7/session3/132_soul_105_beat_4-4.wav,109.701273,test
903,drummer7,drummer7/session3,drummer7/session3/133,soul,105,beat,4-4,drummer7/session3/133_soul_105_beat_4-4.mid,drummer7/session3/133_soul_105_beat_4-4.wav,61.685761,test
922,drummer7,drummer7/session3,drummer7/session3/150,soul,105,beat,4-4,drummer7/session3/150_soul_105_beat_4-4.mid,drummer7/session3/150_soul_105_beat_4-4.wav,54.794089,train
923,drummer7,drummer7/session3,drummer7/session3/151,soul,98,beat,4-4,drummer7/session3/151_soul_98_beat_4-4.mid,drummer7/session3/151_soul_98_beat_4-4.wav,88.1518,train
931,drummer7,drummer7/session3,drummer7/session3/159,soul,98,beat,4-4,drummer7/session3/159_soul_98_beat_4-4.mid,drummer7/session3/159_soul_98_beat_4-4.wav,29.353321,train
939,drummer7,drummer7/session3,drummer7/session3/22,pop,83,beat,4-4,drummer7/session3/22_pop-soft_83_beat_4-4.mid,drummer7/session3/22_pop-soft_83_beat_4-4.wav,48.853945,validation
940,drummer7,drummer7/session3,drummer7/session3/23,pop,83,beat,4-4,drummer7/session3/23_pop-soft_83_beat_4-4.mid,drummer7/session3/23_pop-soft_83_beat_4-4.wav,25.777124,train
941,drummer7,drummer7/session3,drummer7/session3/24,hiphop,67,beat,4-4,drummer7/session3/24_hiphop_67_beat_4-4.mid,drummer7/session3/24_hiphop_67_beat_4-4.wav,96.361899,test
956,drummer7,drummer7/session3,drummer7/session3/38,hiphop,67,beat,4-4,drummer7/session3/38_hiphop_67_beat_4-4.mid,drummer7/session3/38_hiphop_67_beat_4-4.wav,60.748107999999995,train
957,drummer7,drummer7/session3,drummer7/session3/39,rock,63,beat,4-4,drummer7/session3/39_rock-indie_63_beat_4-4.mid,drummer7/session3/39_rock-indie_63_beat_4-4.wav,148.426595,train
965,drummer7,drummer7/session3,drummer7/session3/46,rock,63,beat,4-4,drummer7/session3/46_rock-indie_63_beat_4-4.mid,drummer7/session3/46_rock-indie_63_beat_4-4.wav,60.801590000000004,train
966,drummer7,drummer7/session3,drummer7/session3/47,funk,112,beat,4-4,drummer7/session3/47_funk_112_beat_4-4.mid,drummer7/session3/47_funk_112_beat_4-4.wav,96.41624300000001,train
967,drummer7,drummer7/session3,drummer7/session3/48,funk,112,beat,4-4,drummer7/session3/48_funk_112_beat_4-4.mid,drummer7/session3/48_funk_112_beat_4-4.wav,12.6741,train
968,drummer7,drummer7/session3,drummer7/session3/49,funk,112,beat,4-4,drummer7/session3/49_funk_112_beat_4-4.mid,drummer7/session3/49_funk_112_beat_4-4.wav,33.326991,train
985,drummer7,drummer7/session3,drummer7/session3/64,funk,112,beat,4-4,drummer7/session3/64_funk_112_beat_4-4.mid,drummer7/session3/64_funk_112_beat_4-4.wav,34.056901,train
986,drummer7,drummer7/session3,drummer7/session3/65,funk,112,beat,4-4,drummer7/session3/65_funk_112_beat_4-4.mid,drummer7/session3/65_funk_112_beat_4-4.wav,81.233216,train
988,drummer7,drummer7/session3,drummer7/session3/67,funk,93,beat,4-4,drummer7/session3/67_neworleans-funk_93_beat_4-4.mid,drummer7/session3/67_neworleans-funk_93_beat_4-4.wav,123.82521299999999,train
1015,drummer7,drummer7/session3,drummer7/session3/91,funk,93,beat,4-4,drummer7/session3/91_neworleans-funk_93_beat_4-4.mid,drummer7/session3/91_neworleans-funk_93_beat_4-4.wav,36.065844,train
1016,drummer7,drummer7/session3,drummer7/session3/92,hiphop,70,beat,4-4,drummer7/session3/92_hiphop_70_beat_4-4.mid,drummer7/session3/92_hiphop_70_beat_4-4.wav,140.560738,train
1024,drummer8,drummer8/eval_session,drummer8/eval_session/1,funk,138,beat,4-4,drummer8/eval_session/1_funk-groove1_138_beat_4-4.mid,drummer8/eval_session/1_funk-groove1_138_beat_4-4.wav,27.706546999999997,test
1025,drummer8,drummer8/eval_session,drummer8/eval_session/10,soul,102,beat,4-4,drummer8/eval_session/10_soul-groove10_102_beat_4-4.mid,drummer8/eval_session/10_soul-groove10_102_beat_4-4.wav,37.465668,test
1026,drummer8,drummer8/eval_session,drummer8/eval_session/2,funk,105,beat,4-4,drummer8/eval_session/2_funk-groove2_105_beat_4-4.mid,drummer8/eval_session/2_funk-groove2_105_beat_4-4.wav,36.386932,test
1027,drummer8,drummer8/eval_session,drummer8/eval_session/3,soul,86,beat,4-4,drummer8/eval_session/3_soul-groove3_86_beat_4-4.mid,drummer8/eval_session/3_soul-groove3_86_beat_4-4.wav,44.626427,test
1028,drummer8,drummer8/eval_session,drummer8/eval_session/4,soul,80,beat,4-4,drummer8/eval_session/4_soul-groove4_80_beat_4-4.mid,drummer8/eval_session/4_soul-groove4_80_beat_4-4.wav,47.996875,test
1029,drummer8,drummer8/eval_session,drummer8/eval_session/5,funk,84,beat,4-4,drummer8/eval_session/5_funk-groove5_84_beat_4-4.mid,drummer8/eval_session/5_funk-groove5_84_beat_4-4.wav,45.439006,test
1030,drummer8,drummer8/eval_session,drummer8/eval_session/6,hiphop,87,beat,4-4,drummer8/eval_session/6_hiphop-groove6_87_beat_4-4.mid,drummer8/eval_session/6_hiphop-groove6_87_beat_4-4.wav,43.866368,test
1031,drummer8,drummer8/eval_session,drummer8/eval_session/7,pop,138,beat,4-4,drummer8/eval_session/7_pop-groove7_138_beat_4-4.mid,drummer8/eval_session/7_pop-groove7_138_beat_4-4.wav,27.701112,test
1032,drummer8,drummer8/eval_session,drummer8/eval_session/8,rock,65,beat,4-4,drummer8/eval_session/8_rock-groove8_65_beat_4-4.mid,drummer8/eval_session/8_rock-groove8_65_beat_4-4.wav,59.028851,test
1033,drummer8,drummer8/eval_session,drummer8/eval_session/9,soul,105,beat,4-4,drummer8/eval_session/9_soul-groove9_105_beat_4-4.mid,drummer8/eval_session/9_soul-groove9_105_beat_4-4.wav,36.55717,test
1034,drummer8,drummer8/session1,drummer8/session1/1,funk,95,beat,4-4,drummer8/session1/1_funk_95_beat_4-4.mid,drummer8/session1/1_funk_95_beat_4-4.wav,262.20002200000005,train
1035,drummer8,drummer8/session1,drummer8/session1/10,funk,82,beat,4-4,drummer8/session1/10_neworleans-funk_82_beat_4-4.mid,drummer8/session1/10_neworleans-funk_82_beat_4-4.wav,152.24078799999998,train
1036,drummer8,drummer8/session1,drummer8/session1/11,funk,82,beat,4-4,drummer8/session1/11_neworleans-funk_82_beat_4-4.mid,drummer8/session1/11_neworleans-funk_82_beat_4-4.wav,128.757566,train
1037,drummer8,drummer8/session1,drummer8/session1/12,latin,118,beat,4-4,drummer8/session1/12_latin_118_beat_4-4.mid,drummer8/session1/12_latin_118_beat_4-4.wav,150.592287,train
1038,drummer8,drummer8/session1,drummer8/session1/13,latin,118,beat,4-4,drummer8/session1/13_latin_118_beat_4-4.mid,drummer8/session1/13_latin_118_beat_4-4.wav,137.856047,train
1039,drummer8,drummer8/session1,drummer8/session1/14,hiphop,94,beat,4-4,drummer8/session1/14_hiphop_94_beat_4-4.mid,drummer8/session1/14_hiphop_94_beat_4-4.wav,163.051894,train
1040,drummer8,drummer8/session1,drummer8/session1/15,hiphop,94,beat,4-4,drummer8/session1/15_hiphop_94_beat_4-4.mid,drummer8/session1/15_hiphop_94_beat_4-4.wav,183.573175,train
1041,drummer8,drummer8/session1,drummer8/session1/16,afrobeat,90,beat,4-4,drummer8/session1/16_afrobeat_90_beat_4-4.mid,drummer8/session1/16_afrobeat_90_beat_4-4.wav,191.965374,validation
1042,drummer8,drummer8/session1,drummer8/session1/17,afrobeat,90,beat,4-4,drummer8/session1/17_afrobeat_90_beat_4-4.mid,drummer8/session1/17_afrobeat_90_beat_4-4.wav,150.822298,train
1043,drummer8,drummer8/session1,drummer8/session1/18,funk,108,beat,4-4,drummer8/session1/18_funk_108_beat_4-4.mid,drummer8/session1/18_funk_108_beat_4-4.wav,154.57651299999998,validation
1044,drummer8,drummer8/session1,drummer8/session1/19,funk,108,beat,4-4,drummer8/session1/19_funk_108_beat_4-4.mid,drummer8/session1/19_funk_108_beat_4-4.wav,186.767511,test
1045,drummer8,drummer8/session1,drummer8/session1/2,funk,95,beat,4-4,drummer8/session1/2_funk_95_beat_4-4.mid,drummer8/session1/2_funk_95_beat_4-4.wav,161.365803,train
1046,drummer8,drummer8/session1,drummer8/session1/20,rock,112,beat,4-4,drummer8/session1/20_rock-shuffle_112_beat_4-4.mid,drummer8/session1/20_rock-shuffle_112_beat_4-4.wav,154.295677,train
1047,drummer8,drummer8/session1,drummer8/session1/21,rock,112,beat,4-4,drummer8/session1/21_rock-shuffle_112_beat_4-4.mid,drummer8/session1/21_rock-shuffle_112_beat_4-4.wav,138.820238,train
1048,drummer8,drummer8/session1,drummer8/session1/22,funk,115,beat,4-4,drummer8/session1/22_funk_115_beat_4-4.mid,drummer8/session1/22_funk_115_beat_4-4.wav,250.516242,train
1049,drummer8,drummer8/session1,drummer8/session1/23,hiphop,70,beat,4-4,drummer8/session1/23_hiphop_70_beat_4-4.mid,drummer8/session1/23_hiphop_70_beat_4-4.wav,191.75538899999998,train
1050,drummer8,drummer8/session1,drummer8/session1/24,funk,100,beat,4-4,drummer8/session1/24_funk-latin_100_beat_4-4.mid,drummer8/session1/24_funk-latin_100_beat_4-4.wav,192.10125,train
1051,drummer8,drummer8/session1,drummer8/session1/25,funk,100,beat,4-4,drummer8/session1/25_funk-latin_100_beat_4-4.mid,drummer8/session1/25_funk-latin_100_beat_4-4.wav,124.89125,train
1052,drummer8,drummer8/session1,drummer8/session1/26,afrobeat,94,beat,4-4,drummer8/session1/26_afrobeat_94_beat_4-4.mid,drummer8/session1/26_afrobeat_94_beat_4-4.wav,195.545252,train
1053,drummer8,drummer8/session1,drummer8/session1/27,latin,122,beat,4-4,drummer8/session1/27_latin_122_beat_4-4.mid,drummer8/session1/27_latin_122_beat_4-4.wav,196.19968400000002,train
1054,drummer8,drummer8/session1,drummer8/session1/28,rock,102,beat,4-4,drummer8/session1/28_rock_102_beat_4-4.mid,drummer8/session1/28_rock_102_beat_4-4.wav,194.113874,train
1055,drummer8,drummer8/session1,drummer8/session1/3,hiphop,90,beat,4-4,drummer8/session1/3_hiphop_90_beat_4-4.mid,drummer8/session1/3_hiphop_90_beat_4-4.wav,39.356964000000005,train
1056,drummer8,drummer8/session1,drummer8/session1/4,hiphop,90,beat,4-4,drummer8/session1/4_hiphop_90_beat_4-4.mid,drummer8/session1/4_hiphop_90_beat_4-4.wav,114.48061299999999,train
1057,drummer8,drummer8/session1,drummer8/session1/5,hiphop,90,beat,4-4,drummer8/session1/5_hiphop_90_beat_4-4.mid,drummer8/session1/5_hiphop_90_beat_4-4.wav,127.755619,train
1058,drummer8,drummer8/session1,drummer8/session1/6,funk,80,beat,4-4,drummer8/session1/6_funk_80_beat_4-4.mid,drummer8/session1/6_funk_80_beat_4-4.wav,167.734375,train
1059,drummer8,drummer8/session1,drummer8/session1/7,funk,80,beat,4-4,drummer8/session1/7_funk_80_beat_4-4.mid,drummer8/session1/7_funk_80_beat_4-4.wav,155.7625,train
1060,drummer8,drummer8/session1,drummer8/session1/8,funk,96,beat,4-4,drummer8/session1/8_funk_96_beat_4-4.mid,drummer8/session1/8_funk_96_beat_4-4.wav,159.484375,test
1061,drummer8,drummer8/session1,drummer8/session1/9,funk,96,beat,4-4,drummer8/session1/9_funk_96_beat_4-4.mid,drummer8/session1/9_funk_96_beat_4-4.wav,99.579427,train
1104,drummer9,drummer9/session1,drummer9/session1/1,rock,100,beat,4-4,drummer9/session1/1_rock_100_beat_4-4.mid,drummer9/session1/1_rock_100_beat_4-4.wav,48.525,train
1105,drummer9,drummer9/session1,drummer9/session1/10,rock,100,beat,4-4,drummer9/session1/10_rock_100_beat_4-4.mid,drummer9/session1/10_rock_100_beat_4-4.wav,6.7025,train
1106,drummer9,drummer9/session1,drummer9/session1/11,rock,100,beat,4-4,drummer9/session1/11_rock_100_beat_4-4.mid,drummer9/session1/11_rock_100_beat_4-4.wav,9.535,train
1107,drummer9,drummer9/session1,drummer9/session1/12,rock,100,beat,4-4,drummer9/session1/12_rock_100_beat_4-4.mid,drummer9/session1/12_rock_100_beat_4-4.wav,11.65,validation
1108,drummer9,drummer9/session1,drummer9/session1/13,rock,120,beat,4-4,drummer9/session1/13_rock_120_beat_4-4.mid,drummer9/session1/13_rock_120_beat_4-4.wav,44.070833,train
1109,drummer9,drummer9/session1,drummer9/session1/14,rock,120,beat,4-4,drummer9/session1/14_rock_120_beat_4-4.mid,drummer9/session1/14_rock_120_beat_4-4.wav,117.980208,train
1110,drummer9,drummer9/session1,drummer9/session1/15,rock,120,beat,4-4,drummer9/session1/15_rock_120_beat_4-4.mid,drummer9/session1/15_rock_120_beat_4-4.wav,11.839583,train
1111,drummer9,drummer9/session1,drummer9/session1/16,rock,120,beat,4-4,drummer9/session1/16_rock_120_beat_4-4.mid,drummer9/session1/16_rock_120_beat_4-4.wav,5.988542,train
1112,drummer9,drummer9/session1,drummer9/session1/17,rock,120,beat,4-4,drummer9/session1/17_rock_120_beat_4-4.mid,drummer9/session1/17_rock_120_beat_4-4.wav,5.961458,train
1113,drummer9,drummer9/session1,drummer9/session1/18,rock,120,beat,4-4,drummer9/session1/18_rock_120_beat_4-4.mid,drummer9/session1/18_rock_120_beat_4-4.wav,22.065625,train
1114,drummer9,drummer9/session1,drummer9/session1/19,rock,120,beat,4-4,drummer9/session1/19_rock_120_beat_4-4.mid,drummer9/session1/19_rock_120_beat_4-4.wav,37.876042,train
1115,drummer9,drummer9/session1,drummer9/session1/2,rock,100,beat,4-4,drummer9/session1/2_rock_100_beat_4-4.mid,drummer9/session1/2_rock_100_beat_4-4.wav,42.6925,train
1116,drummer9,drummer9/session1,drummer9/session1/20,rock,120,beat,4-4,drummer9/session1/20_rock_120_beat_4-4.mid,drummer9/session1/20_rock_120_beat_4-4.wav,152.06875,train
1117,drummer9,drummer9/session1,drummer9/session1/21,rock,120,beat,4-4,drummer9/session1/21_rock_120_beat_4-4.mid,drummer9/session1/21_rock_120_beat_4-4.wav,6.051042,train
1118,drummer9,drummer9/session1,drummer9/session1/22,rock,120,beat,4-4,drummer9/session1/22_rock_120_beat_4-4.mid,drummer9/session1/22_rock_120_beat_4-4.wav,32.046875,train
1119,drummer9,drummer9/session1,drummer9/session1/23,rock,120,beat,4-4,drummer9/session1/23_rock_120_beat_4-4.mid,drummer9/session1/23_rock_120_beat_4-4.wav,61.438542000000005,train
1120,drummer9,drummer9/session1,drummer9/session1/24,rock,90,beat,4-4,drummer9/session1/24_rock_90_beat_4-4.mid,drummer9/session1/24_rock_90_beat_4-4.wav,69.098646,test
1121,drummer9,drummer9/session1,drummer9/session1/25,rock,90,beat,4-4,drummer9/session1/25_rock_90_beat_4-4.mid,drummer9/session1/25_rock_90_beat_4-4.wav,37.259741,train
1122,drummer9,drummer9/session1,drummer9/session1/26,rock,90,beat,4-4,drummer9/session1/26_rock_90_beat_4-4.mid,drummer9/session1/26_rock_90_beat_4-4.wav,34.712517,train
1123,drummer9,drummer9/session1,drummer9/session1/27,rock,90,beat,4-4,drummer9/session1/27_rock_90_beat_4-4.mid,drummer9/session1/27_rock_90_beat_4-4.wav,7.993060000000001,train
1124,drummer9,drummer9/session1,drummer9/session1/28,rock,90,beat,4-4,drummer9/session1/28_rock_90_beat_4-4.mid,drummer9/session1/28_rock_90_beat_4-4.wav,32.043071999999995,train
1125,drummer9,drummer9/session1,drummer9/session1/29,rock,90,beat,4-4,drummer9/session1/29_rock_90_beat_4-4.mid,drummer9/session1/29_rock_90_beat_4-4.wav,10.658339,train
1126,drummer9,drummer9/session1,drummer9/session1/3,rock,100,beat,4-4,drummer9/session1/3_rock_100_beat_4-4.mid,drummer9/session1/3_rock_100_beat_4-4.wav,50.5325,test
1127,drummer9,drummer9/session1,drummer9/session1/30,rock,90,beat,4-4,drummer9/session1/30_rock_90_beat_4-4.mid,drummer9/session1/30_rock_90_beat_4-4.wav,18.641676,train
1128,drummer9,drummer9/session1,drummer9/session1/4,rock,100,beat,4-4,drummer9/session1/4_rock_100_beat_4-4.mid,drummer9/session1/4_rock_100_beat_4-4.wav,9.66375,train
1129,drummer9,drummer9/session1,drummer9/session1/5,rock,100,beat,4-4,drummer9/session1/5_rock_100_beat_4-4.mid,drummer9/session1/5_rock_100_beat_4-4.wav,71.78,train
1130,drummer9,drummer9/session1,drummer9/session1/6,rock,100,beat,4-4,drummer9/session1/6_rock_100_beat_4-4.mid,drummer9/session1/6_rock_100_beat_4-4.wav,4.74875,train
1131,drummer9,drummer9/session1,drummer9/session1/7,rock,100,beat,4-4,drummer9/session1/7_rock_100_beat_4-4.mid,drummer9/session1/7_rock_100_beat_4-4.wav,23.93875,test
1132,drummer9,drummer9/session1,drummer9/session1/8,rock,100,beat,4-4,drummer9/session1/8_rock_100_beat_4-4.mid,drummer9/session1/8_rock_100_beat_4-4.wav,11.20875,train
1133,drummer9,drummer9/session1,drummer9/session1/9,rock,100,beat,4-4,drummer9/session1/9_rock_100_beat_4-4.mid,drummer9/session1/9_rock_100_beat_4-4.wav,9.07125,train
